,date,airline,arrival,state,reason,passengers,delayedTime
368,2018-08-01,대한항공,PEK(베이징),출발,,195581,0
406,2018-08-01,대한항공,PEK(베이징),출발,,195581,0
443,2018-08-01,대한항공,PEK(베이징),출발,,195581,0
549,2018-08-02,대한항공,PEK(베이징),출발,,195581,0
572,2018-08-03,대한항공,PEK(베이징),출발,,195581,0
610,2018-08-03,대한항공,PEK(베이징),출발,,195581,0
655,2018-08-03,대한항공,PEK(베이징),출발,,195581,0
750,2018-08-04,대한항공,PEK(베이징),출발,,195581,0
780,2018-08-05,대한항공,PEK(베이징),출발,,195581,0
818,2018-08-05,대한항공,PEK(베이징),출발,,195581,0
866,2018-08-05,대한항공,PEK(베이징),출발,,195581,0
932,2018-08-06,대한항공,PEK(베이징),출발,,195581,0
978,2018-08-06,대한항공,PEK(베이징),출발,,195581,0
1077,2018-08-07,대한항공,PEK(베이징),출발,,195581,0
1099,2018-08-08,대한항공,PEK(베이징),출발,,195581,0
1271,2018-08-09,대한항공,PEK(베이징),출발,,195581,0
1296,2018-08-10,대한항공,PEK(베이징),출발,,195581,0
1336,2018-08-10,대한항공,PEK(베이징),출발,,195581,0
1376,2018-08-10,대한항공,PEK(베이징),출발,,195581,0
1491,2018-08-12,대한항공,PEK(베이징),출발,,195581,0
1530,2018-08-12,대한항공,PEK(베이징),출발,,195581,0
1570,2018-08-12,대한항공,PEK(베이징),출발,,195581,0
1631,2018-08-13,대한항공,PEK(베이징),출발,,195581,0
1676,2018-08-13,대한항공,PEK(베이징),출발,,195581,0
1789,2018-08-15,대한항공,PEK(베이징),출발,,195581,0
1957,2018-08-16,대한항공,PEK(베이징),출발,,195581,0
1984,2018-08-17,대한항공,PEK(베이징),출발,,195581,0
2019,2018-08-17,대한항공,PEK(베이징),출발,,195581,0
2060,2018-08-17,대한항공,PEK(베이징),출발,,195581,0
2159,2018-08-18,대한항공,PEK(베이징),출발,,195581,0
2186,2018-08-19,대한항공,PEK(베이징),출발,,195581,0
2272,2018-08-19,대한항공,PEK(베이징),출발,,195581,0
2332,2018-08-20,대한항공,PEK(베이징),출발,,195581,0
2373,2018-08-20,대한항공,PEK(베이징),출발,,195581,0
2470,2018-08-21,대한항공,PEK(베이징),출발,,195581,0
2492,2018-08-22,대한항공,PEK(베이징),출발,,195581,0
2529,2018-08-22,대한항공,PEK(베이징),출발,,195581,0
2568,2018-08-22,대한항공,PEK(베이징),출발,,195581,0
2655,2018-08-23,대한항공,PEK(베이징),출발,,195581,0
2673,2018-08-24,대한항공,PEK(베이징),출발,,195581,0
2711,2018-08-24,대한항공,PEK(베이징),출발,,195581,0
2746,2018-08-24,대한항공,PEK(베이징),출발,,195581,0
2855,2018-08-25,대한항공,PEK(베이징),출발,,195581,0
2882,2018-08-26,대한항공,PEK(베이징),출발,,195581,0
2919,2018-08-26,대한항공,PEK(베이징),출발,,195581,0
2962,2018-08-26,대한항공,PEK(베이징),출발,,195581,0
3018,2018-08-27,대한항공,PEK(베이징),출발,,195581,0
3063,2018-08-27,대한항공,PEK(베이징),출발,,195581,0
3172,2018-08-29,대한항공,PEK(베이징),출발,,195581,0
3208,2018-08-29,대한항공,PEK(베이징),출발,,195581,0
3243,2018-08-29,대한항공,PEK(베이징),출발,,195581,0
3323,2018-08-30,대한항공,PEK(베이징),출발,,195581,0
3345,2018-08-31,대한항공,PEK(베이징),출발,,195581,0
3382,2018-08-31,대한항공,PEK(베이징),출발,,195581,0
3422,2018-08-31,대한항공,PEK(베이징),출발,,195581,0
3698,2018-09-01,대한항공,PEK(베이징),출발,,168549,0
3723,2018-09-02,대한항공,PEK(베이징),출발,,168549,0
3761,2018-09-02,대한항공,PEK(베이징),출발,,168549,0
3804,2018-09-02,대한항공,PEK(베이징),출발,,168549,0
3867,2018-09-03,대한항공,PEK(베이징),출발,,168549,0
3905,2018-09-03,대한항공,PEK(베이징),출발,,168549,0
4005,2018-09-04,대한항공,PEK(베이징),출발,,168549,0
4028,2018-09-05,대한항공,PEK(베이징),출발,,168549,0
4063,2018-09-05,대한항공,PEK(베이징),출발,,168549,0
4112,2018-09-05,대한항공,PEK(베이징),출발,,168549,0
4208,2018-09-06,대한항공,PEK(베이징),출발,,168549,0
4233,2018-09-07,대한항공,PEK(베이징),출발,,168549,0
4268,2018-09-07,대한항공,PEK(베이징),출발,,168549,0
4310,2018-09-07,대한항공,PEK(베이징),출발,,168549,0
4410,2018-09-08,대한항공,PEK(베이징),출발,,168549,0
4432,2018-09-09,대한항공,PEK(베이징),출발,,168549,0
4469,2018-09-09,대한항공,PEK(베이징),출발,,168549,0
4518,2018-09-09,대한항공,PEK(베이징),출발,,168549,0
4578,2018-09-10,대한항공,PEK(베이징),출발,,168549,0
4742,2018-09-12,대한항공,PEK(베이징),출발,,168549,0
4777,2018-09-12,대한항공,PEK(베이징),출발,,168549,0
4825,2018-09-12,대한항공,PEK(베이징),출발,,168549,0
4922,2018-09-13,대한항공,PEK(베이징),출발,,168549,0
4948,2018-09-14,대한항공,PEK(베이징),출발,,168549,0
4985,2018-09-14,대한항공,PEK(베이징),출발,,168549,0
5024,2018-09-14,대한항공,PEK(베이징),출발,,168549,0
5127,2018-09-15,대한항공,PEK(베이징),출발,,168549,0
5147,2018-09-16,대한항공,PEK(베이징),출발,,168549,0
5182,2018-09-16,대한항공,PEK(베이징),출발,,168549,0
5222,2018-09-16,대한항공,PEK(베이징),출발,,168549,0
5283,2018-09-17,대한항공,PEK(베이징),출발,,168549,0
5320,2018-09-17,대한항공,PEK(베이징),출발,,168549,0
5418,2018-09-18,대한항공,PEK(베이징),출발,,168549,0
5440,2018-09-19,대한항공,PEK(베이징),출발,,168549,0
5479,2018-09-19,대한항공,PEK(베이징),출발,,168549,0
5521,2018-09-19,대한항공,PEK(베이징),출발,,168549,0
5622,2018-09-20,대한항공,PEK(베이징),출발,,168549,0
5650,2018-09-21,대한항공,PEK(베이징),출발,,168549,0
5688,2018-09-21,대한항공,PEK(베이징),출발,,168549,0
5830,2018-09-22,대한항공,PEK(베이징),출발,,168549,0
5861,2018-09-23,대한항공,PEK(베이징),출발,,168549,0
5898,2018-09-23,대한항공,PEK(베이징),출발,,168549,0
5947,2018-09-23,대한항공,PEK(베이징),출발,,168549,0
6008,2018-09-24,대한항공,PEK(베이징),출발,,168549,0
6051,2018-09-24,대한항공,PEK(베이징),출발,,168549,0
6157,2018-09-25,대한항공,PEK(베이징),출발,,168549,0
6180,2018-09-26,대한항공,PEK(베이징),출발,,168549,0
6219,2018-09-26,대한항공,PEK(베이징),출발,,168549,0
6261,2018-09-26,대한항공,PEK(베이징),출발,,168549,0
6369,2018-09-27,대한항공,PEK(베이징),출발,,168549,0
6397,2018-09-28,대한항공,PEK(베이징),출발,,168549,0
6434,2018-09-28,대한항공,PEK(베이징),출발,,168549,0
6472,2018-09-28,대한항공,PEK(베이징),출발,,168549,0
6575,2018-09-29,대한항공,PEK(베이징),출발,,168549,0
6604,2018-09-30,대한항공,PEK(베이징),출발,,168549,0
6640,2018-09-30,대한항공,PEK(베이징),출발,,168549,0
6689,2018-09-30,대한항공,PEK(베이징),출발,,168549,0
7797,2017-07-01,대한항공,PEK(베이징),출발,,178801,0
7818,2017-07-02,대한항공,PEK(베이징),출발,,178801,0
7899,2017-07-02,대한항공,PEK(베이징),출발,,178801,0
7944,2017-07-03,대한항공,PEK(베이징),출발,,178801,0
7993,2017-07-03,대한항공,PEK(베이징),출발,,178801,0
8088,2017-07-04,대한항공,PEK(베이징),출발,,178801,0
8107,2017-07-05,대한항공,PEK(베이징),출발,,178801,0
8189,2017-07-05,대한항공,PEK(베이징),출발,,178801,0
8306,2017-07-07,대한항공,PEK(베이징),출발,,178801,0
8453,2017-07-08,대한항공,PEK(베이징),출발,,178801,0
8469,2017-07-09,대한항공,PEK(베이징),출발,,178801,0
8507,2017-07-09,대한항공,PEK(베이징),출발,,178801,0
8555,2017-07-09,대한항공,PEK(베이징),출발,,178801,0
8609,2017-07-10,대한항공,PEK(베이징),출발,,178801,0
8745,2017-07-11,대한항공,PEK(베이징),출발,,178801,0
8762,2017-07-12,대한항공,PEK(베이징),출발,,178801,0
8835,2017-07-12,대한항공,PEK(베이징),출발,,178801,0
8943,2017-07-13,대한항공,PEK(베이징),출발,,178801,0
8963,2017-07-14,대한항공,PEK(베이징),출발,,178801,0
8999,2017-07-14,대한항공,PEK(베이징),출발,,178801,0
9046,2017-07-14,대한항공,PEK(베이징),출발,,178801,0
9127,2017-07-16,대한항공,PEK(베이징),출발,,178801,0
9164,2017-07-16,대한항공,PEK(베이징),출발,,178801,0
9208,2017-07-16,대한항공,PEK(베이징),출발,,178801,0
9259,2017-07-17,대한항공,PEK(베이징),출발,,178801,0
9307,2017-07-17,대한항공,PEK(베이징),출발,,178801,0
9401,2017-07-18,대한항공,PEK(베이징),출발,,178801,0
9418,2017-07-19,대한항공,PEK(베이징),출발,,178801,0
9455,2017-07-19,대한항공,PEK(베이징),출발,,178801,0
9504,2017-07-19,대한항공,PEK(베이징),출발,,178801,0
9601,2017-07-20,대한항공,PEK(베이징),출발,,178801,0
9622,2017-07-21,대한항공,PEK(베이징),회항,기상-뇌전에 의한 회항,178801,0
9661,2017-07-21,대한항공,PEK(베이징),출발,,178801,0
9797,2017-07-22,대한항공,PEK(베이징),출발,,178801,0
9818,2017-07-23,대한항공,PEK(베이징),출발,,178801,0
9852,2017-07-23,대한항공,PEK(베이징),출발,,178801,0
9889,2017-07-23,대한항공,PEK(베이징),출발,,178801,0
9943,2017-07-24,대한항공,PEK(베이징),출발,,178801,0
9988,2017-07-24,대한항공,PEK(베이징),출발,,178801,0
10080,2017-07-25,대한항공,PEK(베이징),출발,,178801,0
10100,2017-07-26,대한항공,PEK(베이징),출발,,178801,0
10169,2017-07-26,대한항공,PEK(베이징),출발,,178801,0
10261,2017-07-27,대한항공,PEK(베이징),출발,,178801,0
10282,2017-07-28,대한항공,PEK(베이징),출발,,178801,0
10316,2017-07-28,대한항공,PEK(베이징),출발,,178801,0
10355,2017-07-28,대한항공,PEK(베이징),출발,,178801,0
10449,2017-07-30,대한항공,PEK(베이징),출발,,178801,0
10481,2017-07-30,대한항공,PEK(베이징),출발,,178801,0
10520,2017-07-30,대한항공,PEK(베이징),출발,,178801,0
10565,2017-07-31,대한항공,PEK(베이징),출발,,178801,0
10612,2017-07-31,대한항공,PEK(베이징),출발,,178801,0
10907,2019-08-01,대한항공,PEK(베이징),출발,,176346,0
10927,2019-08-02,대한항공,PEK(베이징),출발,,176346,0
11003,2019-08-02,대한항공,PEK(베이징),출발,,176346,0
11094,2019-08-03,대한항공,PEK(베이징),출발,,176346,0
11118,2019-08-04,대한항공,PEK(베이징),출발,,176346,0
11154,2019-08-04,대한항공,PEK(베이징),출발,,176346,0
11406,2019-08-06,대한항공,PEK(베이징),출발,,176346,0
11429,2019-08-07,대한항공,PEK(베이징),출발,,176346,0
11430,2019-08-07,대한항공,PEK(베이징),출발,,176346,0
11465,2019-08-07,대한항공,PEK(베이징),출발,,176346,0
11513,2019-08-07,대한항공,PEK(베이징),출발,,176346,0
11617,2019-08-08,대한항공,PEK(베이징),출발,,176346,0
11641,2019-08-09,대한항공,PEK(베이징),출발,,176346,0
11675,2019-08-09,대한항공,PEK(베이징),출발,,176346,0
11819,2019-08-10,대한항공,PEK(베이징),출발,,176346,0
11846,2019-08-11,대한항공,PEK(베이징),출발,,176346,0
11916,2019-08-11,대한항공,PEK(베이징),출발,,176346,0
11973,2019-08-12,대한항공,PEK(베이징),출발,,176346,0
12014,2019-08-12,대한항공,PEK(베이징),출발,,176346,0
12113,2019-08-13,대한항공,PEK(베이징),출발,,176346,0
12139,2019-08-14,대한항공,PEK(베이징),출발,,176346,0
12174,2019-08-14,대한항공,PEK(베이징),출발,,176346,0
12222,2019-08-14,대한항공,PEK(베이징),출발,,176346,0
12321,2019-08-15,대한항공,PEK(베이징),출발,,176346,0
12346,2019-08-16,대한항공,PEK(베이징),출발,,176346,0
12385,2019-08-16,대한항공,PEK(베이징),출발,,176346,0
12431,2019-08-16,대한항공,PEK(베이징),출발,,176346,0
12536,2019-08-17,대한항공,PEK(베이징),출발,,176346,0
12566,2019-08-18,대한항공,PEK(베이징),출발,,176346,0
12604,2019-08-18,대한항공,PEK(베이징),출발,,176346,0
12652,2019-08-18,대한항공,PEK(베이징),출발,,176346,0
12754,2019-08-19,대한항공,PEK(베이징),출발,,176346,0
12855,2019-08-20,대한항공,PEK(베이징),출발,,176346,0
12882,2019-08-21,대한항공,PEK(베이징),출발,,176346,0
12920,2019-08-21,대한항공,PEK(베이징),출발,,176346,0
12963,2019-08-21,대한항공,PEK(베이징),출발,,176346,0
13063,2019-08-22,대한항공,PEK(베이징),출발,,176346,0
13090,2019-08-23,대한항공,PEK(베이징),출발,,176346,0
13125,2019-08-23,대한항공,PEK(베이징),출발,,176346,0
13173,2019-08-23,대한항공,PEK(베이징),출발,,176346,0
13281,2019-08-24,대한항공,PEK(베이징),출발,,176346,0
13308,2019-08-25,대한항공,PEK(베이징),출발,,176346,0
13346,2019-08-25,대한항공,PEK(베이징),출발,,176346,0
13391,2019-08-25,대한항공,PEK(베이징),출발,,176346,0
13452,2019-08-26,대한항공,PEK(베이징),출발,,176346,0
13498,2019-08-26,대한항공,PEK(베이징),출발,,176346,0
13601,2019-08-27,대한항공,PEK(베이징),출발,,176346,0
13627,2019-08-28,대한항공,PEK(베이징),출발,,176346,0
13662,2019-08-28,대한항공,PEK(베이징),출발,,176346,0
13703,2019-08-28,대한항공,PEK(베이징),출발,,176346,0
13787,2019-08-29,대한항공,PEK(베이징),출발,,176346,0
13814,2019-08-30,대한항공,PEK(베이징),출발,,176346,0
13852,2019-08-30,대한항공,PEK(베이징),출발,,176346,0
13899,2019-08-30,대한항공,PEK(베이징),출발,,176346,0
14010,2019-08-31,대한항공,PEK(베이징),출발,,176346,0
14226,2019-09-01,대한항공,PEK(베이징),출발,,119606,0
14264,2019-09-01,대한항공,PEK(베이징),출발,,119606,0
14310,2019-09-01,대한항공,PEK(베이징),출발,,119606,0
14415,2019-09-02,대한항공,PEK(베이징),출발,,119606,0
14516,2019-09-03,대한항공,PEK(베이징),출발,,119606,0
14537,2019-09-04,대한항공,PEK(베이징),출발,,119606,0
14569,2019-09-04,대한항공,PEK(베이징),출발,,119606,0
14613,2019-09-04,대한항공,PEK(베이징),출발,,119606,0
14707,2019-09-05,대한항공,PEK(베이징),출발,,119606,0
14734,2019-09-06,대한항공,PEK(베이징),출발,,119606,0
14768,2019-09-06,대한항공,PEK(베이징),출발,,119606,0
14809,2019-09-06,대한항공,PEK(베이징),출발,,119606,0
14875,2019-09-08,대한항공,PEK(베이징),출발,,119606,0
14914,2019-09-08,대한항공,PEK(베이징),출발,,119606,0
14950,2019-09-08,대한항공,PEK(베이징),출발,,119606,0
15008,2019-09-09,대한항공,PEK(베이징),출발,,119606,0
15051,2019-09-09,대한항공,PEK(베이징),출발,,119606,0
15153,2019-09-10,대한항공,PEK(베이징),출발,,119606,0
15178,2019-09-11,대한항공,PEK(베이징),출발,,119606,0
15215,2019-09-11,대한항공,PEK(베이징),출발,,119606,0
15256,2019-09-11,대한항공,PEK(베이징),출발,,119606,0
15360,2019-09-12,대한항공,PEK(베이징),출발,,119606,0
15383,2019-09-13,대한항공,PEK(베이징),출발,,119606,0
15420,2019-09-13,대한항공,PEK(베이징),출발,,119606,0
15471,2019-09-13,대한항공,PEK(베이징),출발,,119606,0
15578,2019-09-14,대한항공,PEK(베이징),출발,,119606,0
15606,2019-09-15,대한항공,PEK(베이징),출발,,119606,0
15645,2019-09-15,대한항공,PEK(베이징),출발,,119606,0
15695,2019-09-15,대한항공,PEK(베이징),출발,,119606,0
15757,2019-09-16,대한항공,PEK(베이징),출발,,119606,0
15807,2019-09-16,대한항공,PEK(베이징),출발,,119606,0
15906,2019-09-17,대한항공,PEK(베이징),출발,,119606,0
15934,2019-09-18,대한항공,PEK(베이징),출발,,119606,0
15972,2019-09-18,대한항공,PEK(베이징),출발,,119606,0
16017,2019-09-18,대한항공,PEK(베이징),출발,,119606,0
16119,2019-09-19,대한항공,PEK(베이징),출발,,119606,0
16147,2019-09-20,대한항공,PEK(베이징),출발,,119606,0
16184,2019-09-20,대한항공,PEK(베이징),출발,,119606,0
16233,2019-09-20,대한항공,PEK(베이징),출발,,119606,0
16333,2019-09-21,대한항공,PEK(베이징),출발,,119606,0
16363,2019-09-22,대한항공,PEK(베이징),출발,,119606,0
16396,2019-09-22,대한항공,PEK(베이징),출발,,119606,0
16443,2019-09-22,대한항공,PEK(베이징),출발,,119606,0
16504,2019-09-23,대한항공,PEK(베이징),출발,,119606,0
16552,2019-09-23,대한항공,PEK(베이징),출발,,119606,0
16651,2019-09-24,대한항공,PEK(베이징),출발,,119606,0
16679,2019-09-25,대한항공,PEK(베이징),출발,,119606,0
16714,2019-09-25,대한항공,PEK(베이징),출발,,119606,0
16764,2019-09-25,대한항공,PEK(베이징),출발,,119606,0
16867,2019-09-26,대한항공,PEK(베이징),출발,,119606,0
16893,2019-09-27,대한항공,PEK(베이징),출발,,119606,0
16932,2019-09-27,대한항공,PEK(베이징),출발,,119606,0
16980,2019-09-27,대한항공,PEK(베이징),출발,,119606,0
17088,2019-09-28,대한항공,PEK(베이징),출발,,119606,0
17115,2019-09-29,대한항공,PEK(베이징),출발,,119606,0
17151,2019-09-29,대한항공,PEK(베이징),출발,,119606,0
17202,2019-09-29,대한항공,PEK(베이징),출발,,119606,0
17263,2019-09-30,대한항공,PEK(베이징),출발,,119606,0
17308,2019-09-30,대한항공,PEK(베이징),출발,,119606,0
17544,2017-06-01,대한항공,PEK(베이징),출발,,153422,0
17566,2017-06-02,대한항공,PEK(베이징),출발,,153422,0
17602,2017-06-02,대한항공,PEK(베이징),출발,,153422,0
17651,2017-06-02,대한항공,PEK(베이징),출발,,153422,0
17751,2017-06-03,대한항공,PEK(베이징),출발,,153422,0
17773,2017-06-04,대한항공,PEK(베이징),출발,,153422,0
17809,2017-06-04,대한항공,PEK(베이징),출발,,153422,0
17857,2017-06-04,대한항공,PEK(베이징),출발,,153422,0
17913,2017-06-05,대한항공,PEK(베이징),출발,,153422,0
17959,2017-06-05,대한항공,PEK(베이징),출발,,153422,0
18056,2017-06-06,대한항공,PEK(베이징),출발,,153422,0
18073,2017-06-07,대한항공,PEK(베이징),출발,,153422,0
18109,2017-06-07,대한항공,PEK(베이징),출발,,153422,0
18155,2017-06-07,대한항공,PEK(베이징),출발,,153422,0
18260,2017-06-08,대한항공,PEK(베이징),출발,,153422,0
18282,2017-06-09,대한항공,PEK(베이징),출발,,153422,0
18317,2017-06-09,대한항공,PEK(베이징),출발,,153422,0
18363,2017-06-09,대한항공,PEK(베이징),출발,,153422,0
18462,2017-06-10,대한항공,PEK(베이징),출발,,153422,0
18483,2017-06-11,대한항공,PEK(베이징),출발,,153422,0
18520,2017-06-11,대한항공,PEK(베이징),출발,,153422,0
18571,2017-06-11,대한항공,PEK(베이징),출발,,153422,0
18673,2017-06-12,대한항공,PEK(베이징),출발,,153422,0
18770,2017-06-13,대한항공,PEK(베이징),출발,,153422,0
18788,2017-06-14,대한항공,PEK(베이징),출발,,153422,0
18823,2017-06-14,대한항공,PEK(베이징),출발,,153422,0
18871,2017-06-14,대한항공,PEK(베이징),출발,,153422,0
18977,2017-06-15,대한항공,PEK(베이징),출발,,153422,0
18996,2017-06-16,대한항공,PEK(베이징),출발,,153422,0
19032,2017-06-16,대한항공,PEK(베이징),출발,,153422,0
19080,2017-06-16,대한항공,PEK(베이징),출발,,153422,0
19173,2017-06-17,대한항공,PEK(베이징),출발,,153422,0
19194,2017-06-18,대한항공,PEK(베이징),출발,,153422,0
19230,2017-06-18,대한항공,PEK(베이징),출발,,153422,0
19334,2017-06-19,대한항공,PEK(베이징),출발,,153422,0
19383,2017-06-19,대한항공,PEK(베이징),출발,,153422,0
19475,2017-06-20,대한항공,PEK(베이징),출발,,153422,0
19493,2017-06-21,대한항공,PEK(베이징),출발,,153422,0
19530,2017-06-21,대한항공,PEK(베이징),출발,,153422,0
19579,2017-06-21,대한항공,PEK(베이징),출발,,153422,0
19677,2017-06-22,대한항공,PEK(베이징),출발,,153422,0
19698,2017-06-23,대한항공,PEK(베이징),출발,,153422,0
19735,2017-06-23,대한항공,PEK(베이징),출발,,153422,0
19784,2017-06-23,대한항공,PEK(베이징),출발,,153422,0
19879,2017-06-24,대한항공,PEK(베이징),출발,,153422,0
19901,2017-06-25,대한항공,PEK(베이징),출발,,153422,0
19937,2017-06-25,대한항공,PEK(베이징),출발,,153422,0
19986,2017-06-25,대한항공,PEK(베이징),출발,,153422,0
20043,2017-06-26,대한항공,PEK(베이징),출발,,153422,0
20088,2017-06-26,대한항공,PEK(베이징),출발,,153422,0
20183,2017-06-27,대한항공,PEK(베이징),출발,,153422,0
20201,2017-06-28,대한항공,PEK(베이징),출발,,153422,0
20237,2017-06-28,대한항공,PEK(베이징),출발,,153422,0
20282,2017-06-28,대한항공,PEK(베이징),출발,,153422,0
20386,2017-06-29,대한항공,PEK(베이징),출발,,153422,0
20408,2017-06-30,대한항공,PEK(베이징),출발,,153422,0
20445,2017-06-30,대한항공,PEK(베이징),출발,,153422,0
20492,2017-06-30,대한항공,PEK(베이징),출발,,153422,0
21465,2017-12-01,대한항공,PEK(베이징),출발,,182165,0
21548,2017-12-02,대한항공,PEK(베이징),출발,,182165,0
21563,2017-12-03,대한항공,PEK(베이징),출발,,182165,0
21602,2017-12-03,대한항공,PEK(베이징),출발,,182165,0
21650,2017-12-03,대한항공,PEK(베이징),출발,,182165,0
21708,2017-12-04,대한항공,PEK(베이징),출발,,182165,0
21754,2017-12-04,대한항공,PEK(베이징),출발,,182165,0
21850,2017-12-05,대한항공,PEK(베이징),출발,,182165,0
21864,2017-12-06,대한항공,PEK(베이징),출발,,182165,0
21918,2017-12-06,대한항공,PEK(베이징),출발,,182165,0
21991,2017-12-07,대한항공,PEK(베이징),출발,,182165,0
22008,2017-12-07,대한항공,PEK(베이징),출발,,182165,0
22048,2017-12-08,대한항공,PEK(베이징),출발,,182165,0
22192,2017-12-09,대한항공,PEK(베이징),출발,,182165,0
22210,2017-12-09,대한항공,PEK(베이징),출발,,182165,0
22244,2017-12-10,대한항공,PEK(베이징),출발,,182165,0
22295,2017-12-10,대한항공,PEK(베이징),출발,,182165,0
22353,2017-12-11,대한항공,PEK(베이징),출발,,182165,0
22402,2017-12-11,대한항공,PEK(베이징),출발,,182165,0
22491,2017-12-12,대한항공,PEK(베이징),출발,,182165,0
22507,2017-12-12,대한항공,PEK(베이징),출발,,182165,0
22543,2017-12-13,대한항공,PEK(베이징),출발,,182165,0
22590,2017-12-13,대한항공,PEK(베이징),출발,,182165,0
22684,2017-12-14,대한항공,PEK(베이징),출발,,182165,0
22706,2017-12-14,대한항공,PEK(베이징),출발,,182165,0
22739,2017-12-15,대한항공,PEK(베이징),출발,,182165,0
22771,2017-12-15,대한항공,PEK(베이징),출발,,182165,0
22852,2017-12-16,대한항공,PEK(베이징),출발,,182165,0
22869,2017-12-16,대한항공,PEK(베이징),출발,,182165,0
22908,2017-12-17,대한항공,PEK(베이징),출발,,182165,0
22954,2017-12-17,대한항공,PEK(베이징),출발,,182165,0
22993,2017-12-18,대한항공,PEK(베이징),출발,,182165,0
23081,2017-12-19,대한항공,PEK(베이징),출발,,182165,0
23095,2017-12-19,대한항공,PEK(베이징),출발,,182165,0
23132,2017-12-20,대한항공,PEK(베이징),출발,,182165,0
23161,2017-12-20,대한항공,PEK(베이징),출발,,182165,0
23210,2017-12-21,대한항공,PEK(베이징),출발,,182165,0
23228,2017-12-22,대한항공,PEK(베이징),출발,,182165,0
23291,2017-12-22,대한항공,PEK(베이징),출발,,182165,0
23484,2017-12-27,대한항공,PEK(베이징),출발,,182165,0
23506,2017-12-27,대한항공,PEK(베이징),출발,,182165,0
23548,2017-12-27,대한항공,PEK(베이징),출발,,182165,0
23648,2017-12-28,대한항공,PEK(베이징),출발,,182165,0
23668,2017-12-28,대한항공,PEK(베이징),출발,,182165,0
23735,2017-12-29,대한항공,PEK(베이징),출발,,182165,0
23805,2017-12-30,대한항공,PEK(베이징),출발,,182165,0
23814,2017-12-31,대한항공,PEK(베이징),출발,,182165,0
23882,2017-12-31,대한항공,PEK(베이징),출발,,182165,0
24148,2017-04-01,대한항공,PEK(베이징),출발,,145888,0
24166,2017-04-02,대한항공,PEK(베이징),출발,,145888,0
24201,2017-04-02,대한항공,PEK(베이징),출발,,145888,0
24250,2017-04-02,대한항공,PEK(베이징),출발,,145888,0
24302,2017-04-03,대한항공,PEK(베이징),출발,,145888,0
24347,2017-04-03,대한항공,PEK(베이징),출발,,145888,0
24442,2017-04-04,대한항공,PEK(베이징),출발,,145888,0
24458,2017-04-05,대한항공,PEK(베이징),출발,,145888,0
24493,2017-04-05,대한항공,PEK(베이징),출발,,145888,0
24537,2017-04-05,대한항공,PEK(베이징),출발,,145888,0
24629,2017-04-06,대한항공,PEK(베이징),출발,,145888,0
24686,2017-04-07,대한항공,PEK(베이징),출발,,145888,0
24732,2017-04-07,대한항공,PEK(베이징),출발,,145888,0
24827,2017-04-08,대한항공,PEK(베이징),출발,,145888,0
24882,2017-04-09,대한항공,PEK(베이징),출발,,145888,0
24927,2017-04-09,대한항공,PEK(베이징),출발,,145888,0
24982,2017-04-10,대한항공,PEK(베이징),출발,,145888,0
25023,2017-04-10,대한항공,PEK(베이징),출발,,145888,0
25117,2017-04-11,대한항공,PEK(베이징),출발,,145888,0
25218,2017-04-12,대한항공,PEK(베이징),출발,,145888,0
25312,2017-04-13,대한항공,PEK(베이징),출발,,145888,0
25370,2017-04-14,대한항공,PEK(베이징),출발,,145888,0
25415,2017-04-14,대한항공,PEK(베이징),출발,,145888,0
25506,2017-04-15,대한항공,PEK(베이징),출발,,145888,0
25550,2017-04-16,대한항공,PEK(베이징),출발,,145888,0
25600,2017-04-16,대한항공,PEK(베이징),출발,,145888,0
25654,2017-04-17,대한항공,PEK(베이징),출발,,145888,0
25697,2017-04-17,대한항공,PEK(베이징),출발,,145888,0
25791,2017-04-18,대한항공,PEK(베이징),출발,,145888,0
25842,2017-04-19,대한항공,PEK(베이징),출발,,145888,0
25889,2017-04-19,대한항공,PEK(베이징),출발,,145888,0
25986,2017-04-20,대한항공,PEK(베이징),출발,,145888,0
26044,2017-04-21,대한항공,PEK(베이징),출발,,145888,0
26090,2017-04-21,대한항공,PEK(베이징),출발,,145888,0
26181,2017-04-22,대한항공,PEK(베이징),출발,,145888,0
26239,2017-04-23,대한항공,PEK(베이징),출발,,145888,0
26290,2017-04-23,대한항공,PEK(베이징),출발,,145888,0
26343,2017-04-24,대한항공,PEK(베이징),출발,,145888,0
26437,2017-04-25,대한항공,PEK(베이징),출발,,145888,0
26490,2017-04-26,대한항공,PEK(베이징),출발,,145888,0
26534,2017-04-26,대한항공,PEK(베이징),출발,,145888,0
26630,2017-04-27,대한항공,PEK(베이징),출발,,145888,0
26651,2017-04-28,대한항공,PEK(베이징),출발,,145888,0
26724,2017-04-28,대한항공,PEK(베이징),출발,,145888,0
26819,2017-04-29,대한항공,PEK(베이징),출발,,145888,0
26842,2017-04-30,대한항공,PEK(베이징),출발,,145888,0
26880,2017-04-30,대한항공,PEK(베이징),출발,,145888,0
26930,2017-04-30,대한항공,PEK(베이징),출발,,145888,0
27183,2017-10-01,대한항공,PEK(베이징),출발,,162328,0
27256,2017-10-01,대한항공,PEK(베이징),출발,,162328,0
27312,2017-10-02,대한항공,PEK(베이징),출발,,162328,0
27354,2017-10-02,대한항공,PEK(베이징),출발,,162328,0
27452,2017-10-03,대한항공,PEK(베이징),출발,,162328,0
27474,2017-10-04,대한항공,PEK(베이징),출발,,162328,0
27510,2017-10-04,대한항공,PEK(베이징),출발,,162328,0
27555,2017-10-04,대한항공,PEK(베이징),출발,,162328,0
27659,2017-10-05,대한항공,PEK(베이징),출발,,162328,0
27686,2017-10-06,대한항공,PEK(베이징),출발,,162328,0
27725,2017-10-06,대한항공,PEK(베이징),출발,,162328,0
27768,2017-10-06,대한항공,PEK(베이징),출발,,162328,0
27869,2017-10-07,대한항공,PEK(베이징),출발,,162328,0
27894,2017-10-08,대한항공,PEK(베이징),출발,,162328,0
27931,2017-10-08,대한항공,PEK(베이징),출발,,162328,0
27976,2017-10-08,대한항공,PEK(베이징),출발,,162328,0
28038,2017-10-09,대한항공,PEK(베이징),출발,,162328,0
28078,2017-10-09,대한항공,PEK(베이징),출발,,162328,0
28177,2017-10-10,대한항공,PEK(베이징),출발,,162328,0
28196,2017-10-11,대한항공,PEK(베이징),출발,,162328,0
28233,2017-10-11,대한항공,PEK(베이징),출발,,162328,0
28278,2017-10-11,대한항공,PEK(베이징),출발,,162328,0
28380,2017-10-12,대한항공,PEK(베이징),출발,,162328,0
28406,2017-10-13,대한항공,PEK(베이징),출발,,162328,0
28444,2017-10-13,대한항공,PEK(베이징),출발,,162328,0
28486,2017-10-13,대한항공,PEK(베이징),출발,,162328,0
28577,2017-10-14,대한항공,PEK(베이징),출발,,162328,0
28601,2017-10-15,대한항공,PEK(베이징),출발,,162328,0
28640,2017-10-15,대한항공,PEK(베이징),출발,,162328,0
28681,2017-10-15,대한항공,PEK(베이징),출발,,162328,0
28738,2017-10-16,대한항공,PEK(베이징),출발,,162328,0
28783,2017-10-16,대한항공,PEK(베이징),출발,,162328,0
28881,2017-10-17,대한항공,PEK(베이징),출발,,162328,0
28899,2017-10-18,대한항공,PEK(베이징),출발,,162328,0
28950,2017-10-18,대한항공,PEK(베이징),출발,,162328,0
29050,2017-10-19,대한항공,PEK(베이징),출발,,162328,0
29075,2017-10-20,대한항공,PEK(베이징),출발,,162328,0
29110,2017-10-20,대한항공,PEK(베이징),출발,,162328,0
29155,2017-10-20,대한항공,PEK(베이징),출발,,162328,0
29247,2017-10-21,대한항공,PEK(베이징),출발,,162328,0
29273,2017-10-22,대한항공,PEK(베이징),출발,,162328,0
29312,2017-10-22,대한항공,PEK(베이징),출발,,162328,0
29354,2017-10-22,대한항공,PEK(베이징),출발,,162328,0
29413,2017-10-23,대한항공,PEK(베이징),출발,,162328,0
29455,2017-10-23,대한항공,PEK(베이징),출발,,162328,0
29550,2017-10-24,대한항공,PEK(베이징),출발,,162328,0
29568,2017-10-25,대한항공,PEK(베이징),출발,,162328,0
29606,2017-10-25,대한항공,PEK(베이징),출발,,162328,0
29650,2017-10-25,대한항공,PEK(베이징),출발,,162328,0
29752,2017-10-26,대한항공,PEK(베이징),출발,,162328,0
29778,2017-10-27,대한항공,PEK(베이징),출발,,162328,0
29814,2017-10-27,대한항공,PEK(베이징),출발,,162328,0
29857,2017-10-27,대한항공,PEK(베이징),출발,,162328,0
29952,2017-10-28,대한항공,PEK(베이징),출발,,162328,0
29976,2017-10-29,대한항공,PEK(베이징),출발,,162328,0
30013,2017-10-29,대한항공,PEK(베이징),출발,,162328,0
30064,2017-10-29,대한항공,PEK(베이징),출발,,162328,0
30123,2017-10-30,대한항공,PEK(베이징),출발,,162328,0
30169,2017-10-30,대한항공,PEK(베이징),출발,,162328,0
30252,2017-10-31,대한항공,PEK(베이징),출발,,162328,0
30266,2017-10-31,대한항공,PEK(베이징),출발,,162328,0
30482,2017-11-01,대한항공,PEK(베이징),출발,,172989,0
30530,2017-11-01,대한항공,PEK(베이징),출발,,172989,0
30633,2017-11-02,대한항공,PEK(베이징),출발,,172989,0
30654,2017-11-03,대한항공,PEK(베이징),출발,,172989,0
30690,2017-11-03,대한항공,PEK(베이징),출발,,172989,0
30736,2017-11-03,대한항공,PEK(베이징),출발,,172989,0
30836,2017-11-04,대한항공,PEK(베이징),출발,,172989,0
30855,2017-11-04,대한항공,PEK(베이징),출발,,172989,0
30893,2017-11-05,대한항공,PEK(베이징),출발,,172989,0
30939,2017-11-05,대한항공,PEK(베이징),출발,,172989,0
31001,2017-11-06,대한항공,PEK(베이징),출발,,172989,0
31046,2017-11-06,대한항공,PEK(베이징),출발,,172989,0
31147,2017-11-07,대한항공,PEK(베이징),출발,,172989,0
31163,2017-11-07,대한항공,PEK(베이징),출발,,172989,0
31202,2017-11-08,대한항공,PEK(베이징),출발,,172989,0
31248,2017-11-08,대한항공,PEK(베이징),출발,,172989,0
31350,2017-11-09,대한항공,PEK(베이징),출발,,172989,0
31373,2017-11-09,대한항공,PEK(베이징),출발,,172989,0
31455,2017-11-10,대한항공,PEK(베이징),출발,,172989,0
31556,2017-11-11,대한항공,PEK(베이징),출발,,172989,0
31574,2017-11-11,대한항공,PEK(베이징),출발,,172989,0
31612,2017-11-12,대한항공,PEK(베이징),출발,,172989,0
31663,2017-11-12,대한항공,PEK(베이징),출발,,172989,0
31725,2017-11-13,대한항공,PEK(베이징),출발,,172989,0
31772,2017-11-13,대한항공,PEK(베이징),출발,,172989,0
31872,2017-11-14,대한항공,PEK(베이징),출발,,172989,0
31888,2017-11-14,대한항공,PEK(베이징),출발,,172989,0
31927,2017-11-15,대한항공,PEK(베이징),출발,,172989,0
31976,2017-11-15,대한항공,PEK(베이징),출발,,172989,0
32078,2017-11-16,대한항공,PEK(베이징),출발,,172989,0
32099,2017-11-16,대한항공,PEK(베이징),출발,,172989,0
32137,2017-11-17,대한항공,PEK(베이징),출발,,172989,0
32185,2017-11-17,대한항공,PEK(베이징),출발,,172989,0
32283,2017-11-18,대한항공,PEK(베이징),출발,,172989,0
32301,2017-11-18,대한항공,PEK(베이징),출발,,172989,0
32336,2017-11-19,대한항공,PEK(베이징),출발,,172989,0
32387,2017-11-19,대한항공,PEK(베이징),출발,,172989,0
32448,2017-11-20,대한항공,PEK(베이징),출발,,172989,0
32593,2017-11-21,대한항공,PEK(베이징),출발,,172989,0
32609,2017-11-21,대한항공,PEK(베이징),출발,,172989,0
32778,2017-11-23,대한항공,PEK(베이징),출발,,172989,0
32798,2017-11-23,대한항공,PEK(베이징),출발,,172989,0
32829,2017-11-24,대한항공,PEK(베이징),출발,,172989,0
32873,2017-11-24,대한항공,PEK(베이징),출발,,172989,0
32973,2017-11-25,대한항공,PEK(베이징),출발,,172989,0
32990,2017-11-25,대한항공,PEK(베이징),출발,,172989,0
33030,2017-11-26,대한항공,PEK(베이징),출발,,172989,0
33080,2017-11-26,대한항공,PEK(베이징),출발,,172989,0
33141,2017-11-27,대한항공,PEK(베이징),출발,,172989,0
33189,2017-11-27,대한항공,PEK(베이징),출발,,172989,0
33286,2017-11-28,대한항공,PEK(베이징),출발,,172989,0
33300,2017-11-28,대한항공,PEK(베이징),출발,,172989,0
33340,2017-11-29,대한항공,PEK(베이징),출발,,172989,0
33387,2017-11-29,대한항공,PEK(베이징),출발,,172989,0
33489,2017-11-30,대한항공,PEK(베이징),출발,,172989,0
33511,2017-11-30,대한항공,PEK(베이징),출발,,172989,0
33692,2017-05-01,대한항공,PEK(베이징),출발,,145196,0
33735,2017-05-01,대한항공,PEK(베이징),출발,,145196,0
33828,2017-05-02,대한항공,PEK(베이징),출발,,145196,0
33846,2017-05-03,대한항공,PEK(베이징),출발,,145196,0
33884,2017-05-03,대한항공,PEK(베이징),출발,,145196,0
33929,2017-05-03,대한항공,PEK(베이징),출발,,145196,0
34031,2017-05-04,대한항공,PEK(베이징),출발,,145196,0
34049,2017-05-05,대한항공,PEK(베이징),출발,,145196,0
34087,2017-05-05,대한항공,PEK(베이징),출발,,145196,0
34132,2017-05-05,대한항공,PEK(베이징),출발,,145196,0
34229,2017-05-06,대한항공,PEK(베이징),출발,,145196,0
34251,2017-05-07,대한항공,PEK(베이징),출발,,145196,0
34289,2017-05-07,대한항공,PEK(베이징),출발,,145196,0
34340,2017-05-07,대한항공,PEK(베이징),출발,,145196,0
34394,2017-05-08,대한항공,PEK(베이징),출발,,145196,0
34438,2017-05-08,대한항공,PEK(베이징),출발,,145196,0
34527,2017-05-09,대한항공,PEK(베이징),출발,,145196,0
34578,2017-05-10,대한항공,PEK(베이징),출발,,145196,0
34625,2017-05-10,대한항공,PEK(베이징),출발,,145196,0
34724,2017-05-11,대한항공,PEK(베이징),출발,,145196,0
34777,2017-05-12,대한항공,PEK(베이징),출발,,145196,0
34827,2017-05-12,대한항공,PEK(베이징),출발,,145196,0
34915,2017-05-13,대한항공,PEK(베이징),출발,,145196,0
34970,2017-05-14,대한항공,PEK(베이징),출발,,145196,0
35168,2017-05-16,대한항공,PEK(베이징),출발,,145196,0
35218,2017-05-17,대한항공,PEK(베이징),출발,,145196,0
35263,2017-05-17,대한항공,PEK(베이징),출발,,145196,0
35363,2017-05-18,대한항공,PEK(베이징),출발,,145196,0
35419,2017-05-19,대한항공,PEK(베이징),출발,,145196,0
35464,2017-05-19,대한항공,PEK(베이징),출발,,145196,0
35563,2017-05-20,대한항공,PEK(베이징),출발,,145196,0
35621,2017-05-21,대한항공,PEK(베이징),출발,,145196,0
35671,2017-05-21,대한항공,PEK(베이징),출발,,145196,0
35721,2017-05-22,대한항공,PEK(베이징),출발,,145196,0
35843,2017-05-23,대한항공,PEK(베이징),출발,,145196,0
35859,2017-05-24,대한항공,PEK(베이징),출발,,145196,0
35894,2017-05-24,대한항공,PEK(베이징),출발,,145196,0
35940,2017-05-24,대한항공,PEK(베이징),출발,,145196,0
36040,2017-05-25,대한항공,PEK(베이징),출발,,145196,0
36095,2017-05-26,대한항공,PEK(베이징),출발,,145196,0
36140,2017-05-26,대한항공,PEK(베이징),출발,,145196,0
36236,2017-05-27,대한항공,PEK(베이징),출발,,145196,0
36259,2017-05-28,대한항공,PEK(베이징),출발,,145196,0
36295,2017-05-28,대한항공,PEK(베이징),출발,,145196,0
36339,2017-05-28,대한항공,PEK(베이징),출발,,145196,0
36390,2017-05-29,대한항공,PEK(베이징),출발,,145196,0
36433,2017-05-29,대한항공,PEK(베이징),출발,,145196,0
36529,2017-05-30,대한항공,PEK(베이징),출발,,145196,0
36548,2017-05-31,대한항공,PEK(베이징),출발,,145196,0
36582,2017-05-31,대한항공,PEK(베이징),출발,,145196,0
36626,2017-05-31,대한항공,PEK(베이징),출발,,145196,0
37318,2017-01-01,대한항공,PEK(베이징),출발,,175187,0
37371,2017-01-01,대한항공,PEK(베이징),출발,,175187,0
37421,2017-01-02,대한항공,PEK(베이징),출발,,175187,0
37463,2017-01-02,대한항공,PEK(베이징),출발,,175187,0
37551,2017-01-03,대한항공,PEK(베이징),출발,,175187,0
37564,2017-01-03,대한항공,PEK(베이징),출발,,175187,0
37597,2017-01-04,대한항공,PEK(베이징),출발,,175187,0
37638,2017-01-04,대한항공,PEK(베이징),출발,,175187,0
37739,2017-01-05,대한항공,PEK(베이징),출발,,175187,0
37754,2017-01-05,대한항공,PEK(베이징),출발,,175187,0
37792,2017-01-06,대한항공,PEK(베이징),출발,,175187,0
37935,2017-01-07,대한항공,PEK(베이징),출발,,175187,0
37954,2017-01-07,대한항공,PEK(베이징),출발,,175187,0
37989,2017-01-08,대한항공,PEK(베이징),출발,,175187,0
38038,2017-01-08,대한항공,PEK(베이징),출발,,175187,0
38086,2017-01-09,대한항공,PEK(베이징),출발,,175187,0
38224,2017-01-10,대한항공,PEK(베이징),출발,,175187,0
38239,2017-01-10,대한항공,PEK(베이징),출발,,175187,0
38277,2017-01-11,대한항공,PEK(베이징),출발,,175187,0
38322,2017-01-11,대한항공,PEK(베이징),출발,,175187,0
38420,2017-01-12,대한항공,PEK(베이징),출발,,175187,0
38438,2017-01-12,대한항공,PEK(베이징),출발,,175187,0
38573,2017-01-14,대한항공,PEK(베이징),출발,,175187,0
38591,2017-01-14,대한항공,PEK(베이징),출발,,175187,0
38628,2017-01-15,대한항공,PEK(베이징),출발,,175187,0
38679,2017-01-15,대한항공,PEK(베이징),출발,,175187,0
38735,2017-01-16,대한항공,PEK(베이징),출발,,175187,0
38783,2017-01-16,대한항공,PEK(베이징),출발,,175187,0
38880,2017-01-17,대한항공,PEK(베이징),출발,,175187,0
38895,2017-01-17,대한항공,PEK(베이징),출발,,175187,0
38931,2017-01-18,대한항공,PEK(베이징),출발,,175187,0
38977,2017-01-18,대한항공,PEK(베이징),출발,,175187,0
39072,2017-01-19,대한항공,PEK(베이징),출발,,175187,0
39087,2017-01-19,대한항공,PEK(베이징),출발,,175187,0
39117,2017-01-21,대한항공,PEK(베이징),출발,,175187,0
39138,2017-01-22,대한항공,PEK(베이징),출발,,175187,0
39214,2017-01-23,대한항공,PEK(베이징),출발,,175187,0
39254,2017-01-23,대한항공,PEK(베이징),출발,,175187,0
39345,2017-01-24,대한항공,PEK(베이징),출발,,175187,0
39359,2017-01-24,대한항공,PEK(베이징),출발,,175187,0
39393,2017-01-25,대한항공,PEK(베이징),출발,,175187,0
39443,2017-01-25,대한항공,PEK(베이징),출발,,175187,0
39529,2017-01-26,대한항공,PEK(베이징),출발,,175187,0
39545,2017-01-27,대한항공,PEK(베이징),출발,,175187,0
39583,2017-01-27,대한항공,PEK(베이징),출발,,175187,0
39635,2017-01-27,대한항공,PEK(베이징),출발,,175187,0
39737,2017-01-28,대한항공,PEK(베이징),출발,,175187,0
39757,2017-01-28,대한항공,PEK(베이징),출발,,175187,0
39851,2017-01-30,대한항공,PEK(베이징),출발,,175187,0
39897,2017-01-30,대한항공,PEK(베이징),출발,,175187,0
39995,2017-01-31,대한항공,PEK(베이징),출발,,175187,0
40011,2017-01-31,대한항공,PEK(베이징),출발,,175187,0
40909,2017-02-01,대한항공,PEK(베이징),출발,,163960,0
40955,2017-02-01,대한항공,PEK(베이징),출발,,163960,0
41057,2017-02-02,대한항공,PEK(베이징),출발,,163960,0
41077,2017-02-02,대한항공,PEK(베이징),출발,,163960,0
41109,2017-02-03,대한항공,PEK(베이징),출발,,163960,0
41156,2017-02-03,대한항공,PEK(베이징),출발,,163960,0
41249,2017-02-04,대한항공,PEK(베이징),출발,,163960,0
41265,2017-02-04,대한항공,PEK(베이징),출발,,163960,0
41332,2017-02-05,대한항공,PEK(베이징),출발,,163960,0
41385,2017-02-06,대한항공,PEK(베이징),출발,,163960,0
41431,2017-02-06,대한항공,PEK(베이징),출발,,163960,0
41528,2017-02-07,대한항공,PEK(베이징),출발,,163960,0
41542,2017-02-07,대한항공,PEK(베이징),출발,,163960,0
41577,2017-02-08,대한항공,PEK(베이징),출발,,163960,0
41625,2017-02-08,대한항공,PEK(베이징),출발,,163960,0
41728,2017-02-09,대한항공,PEK(베이징),출발,,163960,0
41746,2017-02-09,대한항공,PEK(베이징),출발,,163960,0
41784,2017-02-10,대한항공,PEK(베이징),출발,,163960,0
41834,2017-02-10,대한항공,PEK(베이징),출발,,163960,0
41931,2017-02-11,대한항공,PEK(베이징),출발,,163960,0
41952,2017-02-11,대한항공,PEK(베이징),출발,,163960,0
41988,2017-02-12,대한항공,PEK(베이징),출발,,163960,0
42038,2017-02-12,대한항공,PEK(베이징),출발,,163960,0
42092,2017-02-13,대한항공,PEK(베이징),출발,,163960,0
42135,2017-02-13,대한항공,PEK(베이징),출발,,163960,0
42230,2017-02-14,대한항공,PEK(베이징),출발,,163960,0
42246,2017-02-14,대한항공,PEK(베이징),출발,,163960,0
42308,2017-02-15,대한항공,PEK(베이징),출발,,163960,0
42410,2017-02-16,대한항공,PEK(베이징),출발,,163960,0
42428,2017-02-16,대한항공,PEK(베이징),출발,,163960,0
42464,2017-02-17,대한항공,PEK(베이징),출발,,163960,0
42511,2017-02-17,대한항공,PEK(베이징),출발,,163960,0
42612,2017-02-18,대한항공,PEK(베이징),출발,,163960,0
42630,2017-02-18,대한항공,PEK(베이징),출발,,163960,0
42666,2017-02-19,대한항공,PEK(베이징),출발,,163960,0
42718,2017-02-19,대한항공,PEK(베이징),출발,,163960,0
42768,2017-02-20,대한항공,PEK(베이징),출발,,163960,0
42811,2017-02-20,대한항공,PEK(베이징),출발,,163960,0
42906,2017-02-21,대한항공,PEK(베이징),출발,,163960,0
42920,2017-02-21,대한항공,PEK(베이징),출발,,163960,0
42948,2017-02-22,대한항공,PEK(베이징),출발,,163960,0
43029,2017-02-23,대한항공,PEK(베이징),출발,,163960,0
43042,2017-02-23,대한항공,PEK(베이징),출발,,163960,0
43122,2017-02-24,대한항공,PEK(베이징),출발,,163960,0
43220,2017-02-25,대한항공,PEK(베이징),출발,,163960,0
43237,2017-02-25,대한항공,PEK(베이징),출발,,163960,0
43272,2017-02-26,대한항공,PEK(베이징),출발,,163960,0
43325,2017-02-26,대한항공,PEK(베이징),출발,,163960,0
43382,2017-02-27,대한항공,PEK(베이징),출발,,163960,0
43523,2017-02-28,대한항공,PEK(베이징),출발,,163960,0
43539,2017-02-28,대한항공,PEK(베이징),출발,,163960,0
43667,2017-03-01,대한항공,PEK(베이징),출발,,157115,0
43714,2017-03-01,대한항공,PEK(베이징),출발,,157115,0
43813,2017-03-02,대한항공,PEK(베이징),출발,,157115,0
43828,2017-03-02,대한항공,PEK(베이징),출발,,157115,0
43868,2017-03-03,대한항공,PEK(베이징),출발,,157115,0
43916,2017-03-03,대한항공,PEK(베이징),출발,,157115,0
44018,2017-03-04,대한항공,PEK(베이징),출발,,157115,0
44037,2017-03-04,대한항공,PEK(베이징),출발,,157115,0
44075,2017-03-05,대한항공,PEK(베이징),출발,,157115,0
44126,2017-03-05,대한항공,PEK(베이징),출발,,157115,0
44180,2017-03-06,대한항공,PEK(베이징),출발,,157115,0
44225,2017-03-06,대한항공,PEK(베이징),출발,,157115,0
44323,2017-03-07,대한항공,PEK(베이징),출발,,157115,0
44338,2017-03-07,대한항공,PEK(베이징),출발,,157115,0
44377,2017-03-08,대한항공,PEK(베이징),출발,,157115,0
44424,2017-03-08,대한항공,PEK(베이징),출발,,157115,0
44524,2017-03-09,대한항공,PEK(베이징),출발,,157115,0
44540,2017-03-09,대한항공,PEK(베이징),출발,,157115,0
44576,2017-03-10,대한항공,PEK(베이징),출발,,157115,0
44628,2017-03-10,대한항공,PEK(베이징),출발,,157115,0
44725,2017-03-11,대한항공,PEK(베이징),출발,,157115,0
44742,2017-03-11,대한항공,PEK(베이징),출발,,157115,0
44780,2017-03-12,대한항공,PEK(베이징),출발,,157115,0
44828,2017-03-12,대한항공,PEK(베이징),출발,,157115,0
44881,2017-03-13,대한항공,PEK(베이징),출발,,157115,0
44926,2017-03-13,대한항공,PEK(베이징),출발,,157115,0
45023,2017-03-14,대한항공,PEK(베이징),출발,,157115,0
45037,2017-03-14,대한항공,PEK(베이징),출발,,157115,0
45075,2017-03-15,대한항공,PEK(베이징),출발,,157115,0
45124,2017-03-15,대한항공,PEK(베이징),출발,,157115,0
45220,2017-03-16,대한항공,PEK(베이징),출발,,157115,0
45276,2017-03-17,대한항공,PEK(베이징),출발,,157115,0
45325,2017-03-17,대한항공,PEK(베이징),출발,,157115,0
45428,2017-03-18,대한항공,PEK(베이징),출발,,157115,0
45484,2017-03-19,대한항공,PEK(베이징),출발,,157115,0
45533,2017-03-19,대한항공,PEK(베이징),출발,,157115,0
45589,2017-03-20,대한항공,PEK(베이징),출발,,157115,0
45633,2017-03-20,대한항공,PEK(베이징),출발,,157115,0
45729,2017-03-21,대한항공,PEK(베이징),출발,,157115,0
45782,2017-03-22,대한항공,PEK(베이징),출발,,157115,0
45831,2017-03-22,대한항공,PEK(베이징),출발,,157115,0
45931,2017-03-23,대한항공,PEK(베이징),출발,,157115,0
45986,2017-03-24,대한항공,PEK(베이징),출발,,157115,0
46036,2017-03-24,대한항공,PEK(베이징),출발,,157115,0
46138,2017-03-25,대한항공,PEK(베이징),출발,,157115,0
46194,2017-03-26,대한항공,PEK(베이징),출발,,157115,0
46245,2017-03-26,대한항공,PEK(베이징),출발,,157115,0
46299,2017-03-27,대한항공,PEK(베이징),출발,,157115,0
46341,2017-03-27,대한항공,PEK(베이징),출발,,157115,0
46430,2017-03-28,대한항공,PEK(베이징),출발,,157115,0
46481,2017-03-29,대한항공,PEK(베이징),출발,,157115,0
46528,2017-03-29,대한항공,PEK(베이징),출발,,157115,0
46629,2017-03-30,대한항공,PEK(베이징),출발,,157115,0
46650,2017-03-31,대한항공,PEK(베이징),출발,,157115,0
46686,2017-03-31,대한항공,PEK(베이징),출발,,157115,0
46730,2017-03-31,대한항공,PEK(베이징),출발,,157115,0
48026,2019-01-01,대한항공,PEK(베이징),출발,,221003,0
48045,2019-01-01,대한항공,PEK(베이징),출발,,221003,0
48085,2019-01-02,대한항공,PEK(베이징),출발,,221003,0
48137,2019-01-02,대한항공,PEK(베이징),출발,,221003,0
48241,2019-01-03,대한항공,PEK(베이징),출발,,221003,0
48262,2019-01-03,대한항공,PEK(베이징),출발,,221003,0
48302,2019-01-04,대한항공,PEK(베이징),출발,,221003,0
48355,2019-01-04,대한항공,PEK(베이징),출발,,221003,0
48464,2019-01-05,대한항공,PEK(베이징),출발,,221003,0
48484,2019-01-05,대한항공,PEK(베이징),출발,,221003,0
48525,2019-01-06,대한항공,PEK(베이징),출발,,221003,0
48579,2019-01-06,대한항공,PEK(베이징),출발,,221003,0
48638,2019-01-07,대한항공,PEK(베이징),출발,,221003,0
48688,2019-01-07,대한항공,PEK(베이징),출발,,221003,0
48796,2019-01-08,대한항공,PEK(베이징),출발,,221003,0
48814,2019-01-08,대한항공,PEK(베이징),출발,,221003,0
48907,2019-01-09,대한항공,PEK(베이징),출발,,221003,0
49014,2019-01-10,대한항공,PEK(베이징),출발,,221003,0
49035,2019-01-10,대한항공,PEK(베이징),출발,,221003,0
49078,2019-01-11,대한항공,PEK(베이징),출발,,221003,0
49132,2019-01-11,대한항공,PEK(베이징),출발,,221003,0
49240,2019-01-12,대한항공,PEK(베이징),출발,,221003,0
49259,2019-01-12,대한항공,PEK(베이징),출발,,221003,0
49292,2019-01-13,대한항공,PEK(베이징),출발,,221003,0
49339,2019-01-13,대한항공,PEK(베이징),출발,,221003,0
49394,2019-01-14,대한항공,PEK(베이징),출발,,221003,0
49443,2019-01-14,대한항공,PEK(베이징),출발,,221003,0
49548,2019-01-15,대한항공,PEK(베이징),출발,,221003,0
49567,2019-01-15,대한항공,PEK(베이징),출발,,221003,0
49608,2019-01-16,대한항공,PEK(베이징),출발,,221003,0
49660,2019-01-16,대한항공,PEK(베이징),출발,,221003,0
49766,2019-01-17,대한항공,PEK(베이징),출발,,221003,0
49786,2019-01-17,대한항공,PEK(베이징),출발,,221003,0
49826,2019-01-18,대한항공,PEK(베이징),출발,,221003,0
49877,2019-01-18,대한항공,PEK(베이징),출발,,221003,0
49989,2019-01-19,대한항공,PEK(베이징),출발,,221003,0
50010,2019-01-19,대한항공,PEK(베이징),출발,,221003,0
50051,2019-01-20,대한항공,PEK(베이징),출발,,221003,0
50104,2019-01-20,대한항공,PEK(베이징),출발,,221003,0
50163,2019-01-21,대한항공,PEK(베이징),출발,,221003,0
50212,2019-01-21,대한항공,PEK(베이징),출발,,221003,0
50320,2019-01-22,대한항공,PEK(베이징),출발,,221003,0
50339,2019-01-22,대한항공,PEK(베이징),출발,,221003,0
50370,2019-01-23,대한항공,PEK(베이징),출발,,221003,0
50421,2019-01-23,대한항공,PEK(베이징),출발,,221003,0
50527,2019-01-24,대한항공,PEK(베이징),출발,,221003,0
50548,2019-01-24,대한항공,PEK(베이징),출발,,221003,0
50588,2019-01-25,대한항공,PEK(베이징),출발,,221003,0
50638,2019-01-25,대한항공,PEK(베이징),출발,,221003,0
50743,2019-01-26,대한항공,PEK(베이징),출발,,221003,0
50761,2019-01-26,대한항공,PEK(베이징),출발,,221003,0
50800,2019-01-27,대한항공,PEK(베이징),출발,,221003,0
50855,2019-01-27,대한항공,PEK(베이징),출발,,221003,0
50915,2019-01-28,대한항공,PEK(베이징),출발,,221003,0
50967,2019-01-28,대한항공,PEK(베이징),출발,,221003,0
51071,2019-01-29,대한항공,PEK(베이징),출발,,221003,0
51090,2019-01-29,대한항공,PEK(베이징),출발,,221003,0
51130,2019-01-30,대한항공,PEK(베이징),출발,,221003,0
51180,2019-01-30,대한항공,PEK(베이징),출발,,221003,0
51286,2019-01-31,대한항공,PEK(베이징),출발,,221003,0
53138,2019-02-01,대한항공,PEK(베이징),출발,,193908,0
53296,2019-02-02,대한항공,PEK(베이징),출발,,193908,0
53315,2019-02-02,대한항공,PEK(베이징),출발,,193908,0
53351,2019-02-03,대한항공,PEK(베이징),출발,,193908,0
53402,2019-02-03,대한항공,PEK(베이징),출발,,193908,0
53464,2019-02-04,대한항공,PEK(베이징),출발,,193908,0
53514,2019-02-04,대한항공,PEK(베이징),출발,,193908,0
53620,2019-02-05,대한항공,PEK(베이징),출발,,193908,0
53640,2019-02-06,대한항공,PEK(베이징),출발,,193908,0
53681,2019-02-06,대한항공,PEK(베이징),출발,,193908,0
53733,2019-02-06,대한항공,PEK(베이징),출발,,193908,0
53840,2019-02-07,대한항공,PEK(베이징),출발,,193908,0
53859,2019-02-07,대한항공,PEK(베이징),출발,,193908,0
53899,2019-02-08,대한항공,PEK(베이징),출발,,193908,0
53954,2019-02-08,대한항공,PEK(베이징),출발,,193908,0
54058,2019-02-09,대한항공,PEK(베이징),출발,,193908,0
54076,2019-02-09,대한항공,PEK(베이징),출발,,193908,0
54118,2019-02-10,대한항공,PEK(베이징),출발,,193908,0
54172,2019-02-10,대한항공,PEK(베이징),출발,,193908,0
54233,2019-02-11,대한항공,PEK(베이징),출발,,193908,0
54283,2019-02-11,대한항공,PEK(베이징),출발,,193908,0
54391,2019-02-12,대한항공,PEK(베이징),출발,,193908,0
54408,2019-02-12,대한항공,PEK(베이징),출발,,193908,0
54450,2019-02-13,대한항공,PEK(베이징),출발,,193908,0
54501,2019-02-13,대한항공,PEK(베이징),출발,,193908,0
54607,2019-02-14,대한항공,PEK(베이징),출발,,193908,0
54628,2019-02-14,대한항공,PEK(베이징),출발,,193908,0
54661,2019-02-15,대한항공,PEK(베이징),출발,,193908,0
54755,2019-02-16,대한항공,PEK(베이징),출발,,193908,0
54773,2019-02-16,대한항공,PEK(베이징),출발,,193908,0
54814,2019-02-17,대한항공,PEK(베이징),출발,,193908,0
54867,2019-02-17,대한항공,PEK(베이징),출발,,193908,0
54926,2019-02-18,대한항공,PEK(베이징),출발,,193908,0
54976,2019-02-18,대한항공,PEK(베이징),출발,,193908,0
55032,2019-02-19,대한항공,PEK(베이징),출발,,193908,0
55050,2019-02-19,대한항공,PEK(베이징),출발,,193908,0
55139,2019-02-20,대한항공,PEK(베이징),출발,,193908,0
55243,2019-02-21,대한항공,PEK(베이징),출발,,193908,0
55264,2019-02-21,대한항공,PEK(베이징),출발,,193908,0
55305,2019-02-22,대한항공,PEK(베이징),출발,,193908,0
55357,2019-02-22,대한항공,PEK(베이징),출발,,193908,0
55470,2019-02-23,대한항공,PEK(베이징),출발,,193908,0
55488,2019-02-24,대한항공,PEK(베이징),출발,,193908,0
55527,2019-02-24,대한항공,PEK(베이징),출발,,193908,0
55577,2019-02-24,대한항공,PEK(베이징),출발,,193908,0
55628,2019-02-25,대한항공,PEK(베이징),출발,,193908,0
55680,2019-02-25,대한항공,PEK(베이징),출발,,193908,0
55785,2019-02-26,대한항공,PEK(베이징),출발,,193908,0
55803,2019-02-26,대한항공,PEK(베이징),출발,,193908,0
55844,2019-02-27,대한항공,PEK(베이징),출발,,193908,0
55896,2019-02-27,대한항공,PEK(베이징),출발,,193908,0
56005,2019-02-28,대한항공,PEK(베이징),출발,,193908,0
56094,2019-03-01,대한항공,PEK(베이징),출발,,193577,0
56135,2019-03-01,대한항공,PEK(베이징),출발,,193577,0
56188,2019-03-01,대한항공,PEK(베이징),출발,,193577,0
56295,2019-03-02,대한항공,PEK(베이징),출발,,193577,0
56315,2019-03-03,대한항공,PEK(베이징),출발,,193577,0
56356,2019-03-03,대한항공,PEK(베이징),출발,,193577,0
56409,2019-03-03,대한항공,PEK(베이징),출발,,193577,0
56467,2019-03-04,대한항공,PEK(베이징),출발,,193577,0
56519,2019-03-04,대한항공,PEK(베이징),출발,,193577,0
56624,2019-03-05,대한항공,PEK(베이징),출발,,193577,0
56642,2019-03-05,대한항공,PEK(베이징),출발,,193577,0
56685,2019-03-06,대한항공,PEK(베이징),출발,,193577,0
56731,2019-03-06,대한항공,PEK(베이징),출발,,193577,0
56836,2019-03-07,대한항공,PEK(베이징),출발,,193577,0
56857,2019-03-07,대한항공,PEK(베이징),출발,,193577,0
56899,2019-03-08,대한항공,PEK(베이징),출발,,193577,0
56952,2019-03-08,대한항공,PEK(베이징),출발,,193577,0
57063,2019-03-09,대한항공,PEK(베이징),출발,,193577,0
57081,2019-03-09,대한항공,PEK(베이징),출발,,193577,0
57120,2019-03-10,대한항공,PEK(베이징),출발,,193577,0
57173,2019-03-10,대한항공,PEK(베이징),출발,,193577,0
57233,2019-03-11,대한항공,PEK(베이징),출발,,193577,0
57283,2019-03-11,대한항공,PEK(베이징),출발,,193577,0
57390,2019-03-12,대한항공,PEK(베이징),출발,,193577,0
57407,2019-03-12,대한항공,PEK(베이징),출발,,193577,0
57449,2019-03-13,대한항공,PEK(베이징),출발,,193577,0
57499,2019-03-13,대한항공,PEK(베이징),출발,,193577,0
57607,2019-03-14,대한항공,PEK(베이징),출발,,193577,0
57628,2019-03-15,대한항공,PEK(베이징),출발,,193577,0
57670,2019-03-15,대한항공,PEK(베이징),출발,,193577,0
57829,2019-03-16,대한항공,PEK(베이징),출발,,193577,0
57847,2019-03-16,대한항공,PEK(베이징),출발,,193577,0
57887,2019-03-17,대한항공,PEK(베이징),출발,,193577,0
57942,2019-03-17,대한항공,PEK(베이징),출발,,193577,0
58004,2019-03-18,대한항공,PEK(베이징),출발,,193577,0
58051,2019-03-18,대한항공,PEK(베이징),출발,,193577,0
58159,2019-03-19,대한항공,PEK(베이징),출발,,193577,0
58178,2019-03-20,대한항공,PEK(베이징),출발,,193577,0
58220,2019-03-20,대한항공,PEK(베이징),출발,,193577,0
58268,2019-03-20,대한항공,PEK(베이징),출발,,193577,0
58372,2019-03-21,대한항공,PEK(베이징),출발,,193577,0
58393,2019-03-22,대한항공,PEK(베이징),출발,,193577,0
58436,2019-03-22,대한항공,PEK(베이징),출발,,193577,0
58486,2019-03-22,대한항공,PEK(베이징),출발,,193577,0
58595,2019-03-23,대한항공,PEK(베이징),출발,,193577,0
58615,2019-03-23,대한항공,PEK(베이징),출발,,193577,0
58656,2019-03-24,대한항공,PEK(베이징),출발,,193577,0
58709,2019-03-24,대한항공,PEK(베이징),출발,,193577,0
58771,2019-03-25,대한항공,PEK(베이징),출발,,193577,0
58819,2019-03-25,대한항공,PEK(베이징),출발,,193577,0
58928,2019-03-26,대한항공,PEK(베이징),출발,,193577,0
58945,2019-03-26,대한항공,PEK(베이징),출발,,193577,0
58988,2019-03-27,대한항공,PEK(베이징),출발,,193577,0
59036,2019-03-27,대한항공,PEK(베이징),출발,,193577,0
59142,2019-03-28,대한항공,PEK(베이징),출발,,193577,0
59159,2019-03-28,대한항공,PEK(베이징),출발,,193577,0
59201,2019-03-29,대한항공,PEK(베이징),출발,,193577,0
59253,2019-03-29,대한항공,PEK(베이징),출발,,193577,0
59365,2019-03-30,대한항공,PEK(베이징),출발,,193577,0
59383,2019-03-31,대한항공,PEK(베이징),출발,,193577,0
59420,2019-03-31,대한항공,PEK(베이징),출발,,193577,0
59470,2019-03-31,대한항공,PEK(베이징),출발,,193577,0
60100,2020-03-01,대한항공,PEK(베이징),출발,,4812,0
60173,2020-03-02,대한항공,PEK(베이징),출발,,4812,0
60243,2020-03-03,대한항공,PEK(베이징),출발,,4812,0
60311,2020-03-04,대한항공,PEK(베이징),출발,,4812,0
60359,2020-03-05,대한항공,PEK(베이징),출발,,4812,0
60400,2020-03-06,대한항공,PEK(베이징),출발,,4812,0
60443,2020-03-07,대한항공,PEK(베이징),출발,,4812,0
60481,2020-03-08,대한항공,PEK(베이징),출발,,4812,0
60507,2020-03-09,대한항공,PEK(베이징),출발,,4812,0
60529,2020-03-10,대한항공,PEK(베이징),출발,,4812,0
60550,2020-03-11,대한항공,PEK(베이징),출발,,4812,0
60569,2020-03-12,대한항공,PEK(베이징),출발,,4812,0
60589,2020-03-13,대한항공,PEK(베이징),출발,,4812,0
60638,2020-03-15,대한항공,PEK(베이징),출발,,4812,0
60658,2020-03-16,대한항공,PEK(베이징),출발,,4812,0
60695,2020-03-18,대한항공,PEK(베이징),출발,,4812,0
60730,2020-03-20,대한항공,PEK(베이징),출발,,4812,0
60768,2020-03-22,대한항공,PEK(베이징),출발,,4812,0
60790,2020-03-23,대한항공,PEK(베이징),출발,,4812,0
60820,2020-03-25,대한항공,PEK(베이징),출발,,4812,0
60884,2020-03-29,대한항공,PEK(베이징),출발,,4812,0
60900,2020-03-30,대한항공,PEK(베이징),출발,,4812,0
61374,2017-08-01,대한항공,PEK(베이징),출발,,194450,0
61391,2017-08-02,대한항공,PEK(베이징),출발,,194450,0
61429,2017-08-02,대한항공,PEK(베이징),출발,,194450,0
61578,2017-08-03,대한항공,PEK(베이징),출발,,194450,0
61599,2017-08-04,대한항공,PEK(베이징),출발,,194450,0
61638,2017-08-04,대한항공,PEK(베이징),출발,,194450,0
61679,2017-08-04,대한항공,PEK(베이징),출발,,194450,0
61767,2017-08-05,대한항공,PEK(베이징),출발,,194450,0
61785,2017-08-06,대한항공,PEK(베이징),출발,,194450,0
61822,2017-08-06,대한항공,PEK(베이징),출발,,194450,0
61871,2017-08-06,대한항공,PEK(베이징),출발,,194450,0
61932,2017-08-07,대한항공,PEK(베이징),출발,,194450,0
61981,2017-08-07,대한항공,PEK(베이징),출발,,194450,0
62072,2017-08-08,대한항공,PEK(베이징),출발,,194450,0
62090,2017-08-09,대한항공,PEK(베이징),출발,,194450,0
62260,2017-08-10,대한항공,PEK(베이징),출발,,194450,0
62282,2017-08-11,대한항공,PEK(베이징),출발,,194450,0
62319,2017-08-11,대한항공,PEK(베이징),출발,,194450,0
62363,2017-08-11,대한항공,PEK(베이징),출발,,194450,0
62476,2017-08-13,대한항공,PEK(베이징),출발,,194450,0
62551,2017-08-13,대한항공,PEK(베이징),출발,,194450,0
62599,2017-08-14,대한항공,PEK(베이징),출발,,194450,0
62646,2017-08-14,대한항공,PEK(베이징),출발,,194450,0
62718,2017-08-15,대한항공,PEK(베이징),출발,,194450,0
62734,2017-08-16,대한항공,PEK(베이징),출발,,194450,0
62812,2017-08-16,대한항공,PEK(베이징),출발,,194450,0
62931,2017-08-18,대한항공,PEK(베이징),출발,,194450,0
62969,2017-08-18,대한항공,PEK(베이징),출발,,194450,0
63013,2017-08-18,대한항공,PEK(베이징),출발,,194450,0
63106,2017-08-19,대한항공,PEK(베이징),출발,,194450,0
63130,2017-08-20,대한항공,PEK(베이징),출발,,194450,0
63209,2017-08-20,대한항공,PEK(베이징),출발,,194450,0
63253,2017-08-21,대한항공,PEK(베이징),출발,,194450,0
63297,2017-08-21,대한항공,PEK(베이징),출발,,194450,0
63389,2017-08-22,대한항공,PEK(베이징),출발,,194450,0
63407,2017-08-23,대한항공,PEK(베이징),출발,,194450,0
63443,2017-08-23,대한항공,PEK(베이징),출발,,194450,0
63490,2017-08-23,대한항공,PEK(베이징),출발,,194450,0
63585,2017-08-24,대한항공,PEK(베이징),출발,,194450,0
63605,2017-08-25,대한항공,PEK(베이징),출발,,194450,0
63686,2017-08-25,대한항공,PEK(베이징),출발,,194450,0
63779,2017-08-26,대한항공,PEK(베이징),출발,,194450,0
63802,2017-08-27,대한항공,PEK(베이징),출발,,194450,0
63835,2017-08-27,대한항공,PEK(베이징),출발,,194450,0
63879,2017-08-27,대한항공,PEK(베이징),출발,,194450,0
63932,2017-08-28,대한항공,PEK(베이징),출발,,194450,0
63971,2017-08-28,대한항공,PEK(베이징),출발,,194450,0
64069,2017-08-29,대한항공,PEK(베이징),출발,,194450,0
64086,2017-08-30,대한항공,PEK(베이징),출발,,194450,0
64125,2017-08-30,대한항공,PEK(베이징),출발,,194450,0
64173,2017-08-30,대한항공,PEK(베이징),출발,,194450,0
64277,2017-08-31,대한항공,PEK(베이징),출발,,194450,0
64551,2019-07-01,대한항공,PEK(베이징),출발,,191139,0
64593,2019-07-01,대한항공,PEK(베이징),출발,,191139,0
64699,2019-07-02,대한항공,PEK(베이징),출발,,191139,0
64723,2019-07-03,대한항공,PEK(베이징),출발,,191139,0
64761,2019-07-03,대한항공,PEK(베이징),출발,,191139,0
64798,2019-07-03,대한항공,PEK(베이징),출발,,191139,0
64908,2019-07-04,대한항공,PEK(베이징),출발,,191139,0
64933,2019-07-05,대한항공,PEK(베이징),출발,,191139,0
65134,2019-07-07,대한항공,PEK(베이징),출발,,191139,0
65171,2019-07-07,대한항공,PEK(베이징),출발,,191139,0
65215,2019-07-07,대한항공,PEK(베이징),출발,,191139,0
65272,2019-07-08,대한항공,PEK(베이징),출발,,191139,0
65318,2019-07-08,대한항공,PEK(베이징),출발,,191139,0
65421,2019-07-09,대한항공,PEK(베이징),출발,,191139,0
65445,2019-07-10,대한항공,PEK(베이징),출발,,191139,0
65480,2019-07-10,대한항공,PEK(베이징),출발,,191139,0
65523,2019-07-10,대한항공,PEK(베이징),출발,,191139,0
65628,2019-07-11,대한항공,PEK(베이징),출발,,191139,0
65658,2019-07-12,대한항공,PEK(베이징),출발,,191139,0
65696,2019-07-12,대한항공,PEK(베이징),출발,,191139,0
65744,2019-07-12,대한항공,PEK(베이징),출발,,191139,0
65852,2019-07-13,대한항공,PEK(베이징),출발,,191139,0
65879,2019-07-14,대한항공,PEK(베이징),출발,,191139,0
65916,2019-07-14,대한항공,PEK(베이징),출발,,191139,0
65964,2019-07-14,대한항공,PEK(베이징),출발,,191139,0
66027,2019-07-15,대한항공,PEK(베이징),출발,,191139,0
66077,2019-07-15,대한항공,PEK(베이징),출발,,191139,0
66178,2019-07-16,대한항공,PEK(베이징),출발,,191139,0
66204,2019-07-17,대한항공,PEK(베이징),출발,,191139,0
66242,2019-07-17,대한항공,PEK(베이징),출발,,191139,0
66285,2019-07-17,대한항공,PEK(베이징),출발,,191139,0
66389,2019-07-18,대한항공,PEK(베이징),출발,,191139,0
66412,2019-07-19,대한항공,PEK(베이징),출발,,191139,0
66447,2019-07-19,대한항공,PEK(베이징),출발,,191139,0
66496,2019-07-19,대한항공,PEK(베이징),출발,,191139,0
66602,2019-07-20,대한항공,PEK(베이징),출발,,191139,0
66625,2019-07-21,대한항공,PEK(베이징),출발,,191139,0
66706,2019-07-21,대한항공,PEK(베이징),출발,,191139,0
66771,2019-07-22,대한항공,PEK(베이징),출발,,191139,0
66913,2019-07-23,대한항공,PEK(베이징),출발,,191139,0
66941,2019-07-24,대한항공,PEK(베이징),출발,,191139,0
66977,2019-07-24,대한항공,PEK(베이징),출발,,191139,0
67022,2019-07-24,대한항공,PEK(베이징),출발,,191139,0
67122,2019-07-25,대한항공,PEK(베이징),출발,,191139,0
67143,2019-07-26,대한항공,PEK(베이징),출발,,191139,0
67181,2019-07-26,대한항공,PEK(베이징),출발,,191139,0
67229,2019-07-26,대한항공,PEK(베이징),출발,,191139,0
67328,2019-07-27,대한항공,PEK(베이징),출발,,191139,0
67352,2019-07-28,대한항공,PEK(베이징),출발,,191139,0
67389,2019-07-28,대한항공,PEK(베이징),출발,,191139,0
67434,2019-07-28,대한항공,PEK(베이징),출발,,191139,0
67533,2019-07-29,대한항공,PEK(베이징),출발,,191139,0
67627,2019-07-30,대한항공,PEK(베이징),출발,,191139,0
67655,2019-07-31,대한항공,PEK(베이징),출발,,191139,0
67688,2019-07-31,대한항공,PEK(베이징),출발,,191139,0
67923,2019-12-01,대한항공,PEK(베이징),출발,,166002,0
67975,2019-12-01,대한항공,PEK(베이징),출발,,166002,0
68034,2019-12-02,대한항공,PEK(베이징),출발,,166002,0
68086,2019-12-02,대한항공,PEK(베이징),출발,,166002,0
68104,2019-12-03,대한항공,PEK(베이징),출발,,166002,0
68187,2019-12-03,대한항공,PEK(베이징),출발,,166002,0
68204,2019-12-03,대한항공,PEK(베이징),출발,,166002,0
68244,2019-12-04,대한항공,PEK(베이징),출발,,166002,0
68291,2019-12-04,대한항공,PEK(베이징),출발,,166002,0
68311,2019-12-05,대한항공,PEK(베이징),출발,,166002,0
68394,2019-12-05,대한항공,PEK(베이징),출발,,166002,0
68413,2019-12-05,대한항공,PEK(베이징),출발,,166002,0
68453,2019-12-06,대한항공,PEK(베이징),출발,,166002,0
68505,2019-12-06,대한항공,PEK(베이징),출발,,166002,0
68525,2019-12-07,대한항공,PEK(베이징),출발,,166002,0
68612,2019-12-07,대한항공,PEK(베이징),출발,,166002,0
68629,2019-12-07,대한항공,PEK(베이징),출발,,166002,0
68664,2019-12-08,대한항공,PEK(베이징),출발,,166002,0
68714,2019-12-08,대한항공,PEK(베이징),출발,,166002,0
68774,2019-12-09,대한항공,PEK(베이징),출발,,166002,0
68828,2019-12-09,대한항공,PEK(베이징),출발,,166002,0
68847,2019-12-10,대한항공,PEK(베이징),출발,,166002,0
68905,2019-12-10,대한항공,PEK(베이징),출발,,166002,0
68945,2019-12-11,대한항공,PEK(베이징),출발,,166002,0
68994,2019-12-11,대한항공,PEK(베이징),출발,,166002,0
69016,2019-12-12,대한항공,PEK(베이징),출발,,166002,0
69099,2019-12-12,대한항공,PEK(베이징),출발,,166002,0
69118,2019-12-12,대한항공,PEK(베이징),출발,,166002,0
69160,2019-12-13,대한항공,PEK(베이징),출발,,166002,0
69214,2019-12-13,대한항공,PEK(베이징),출발,,166002,0
69235,2019-12-14,대한항공,PEK(베이징),출발,,166002,0
69325,2019-12-14,대한항공,PEK(베이징),출발,,166002,0
69342,2019-12-14,대한항공,PEK(베이징),출발,,166002,0
69379,2019-12-15,대한항공,PEK(베이징),출발,,166002,0
69430,2019-12-15,대한항공,PEK(베이징),출발,,166002,0
69487,2019-12-16,대한항공,PEK(베이징),출발,,166002,0
69539,2019-12-16,대한항공,PEK(베이징),출발,,166002,0
69557,2019-12-17,대한항공,PEK(베이징),출발,,166002,0
69643,2019-12-17,대한항공,PEK(베이징),출발,,166002,0
69660,2019-12-17,대한항공,PEK(베이징),출발,,166002,0
69701,2019-12-18,대한항공,PEK(베이징),출발,,166002,0
69751,2019-12-18,대한항공,PEK(베이징),출발,,166002,0
69771,2019-12-19,대한항공,PEK(베이징),출발,,166002,0
69856,2019-12-19,대한항공,PEK(베이징),출발,,166002,0
69877,2019-12-19,대한항공,PEK(베이징),출발,,166002,0
69916,2019-12-20,대한항공,PEK(베이징),출발,,166002,0
69966,2019-12-20,대한항공,PEK(베이징),출발,,166002,0
69987,2019-12-21,대한항공,PEK(베이징),출발,,166002,0
70075,2019-12-21,대한항공,PEK(베이징),출발,,166002,0
70092,2019-12-21,대한항공,PEK(베이징),출발,,166002,0
70131,2019-12-22,대한항공,PEK(베이징),출발,,166002,0
70183,2019-12-22,대한항공,PEK(베이징),출발,,166002,0
70242,2019-12-23,대한항공,PEK(베이징),출발,,166002,0
70294,2019-12-23,대한항공,PEK(베이징),출발,,166002,0
70312,2019-12-24,대한항공,PEK(베이징),출발,,166002,0
70388,2019-12-24,대한항공,PEK(베이징),출발,,166002,0
70408,2019-12-24,대한항공,PEK(베이징),출발,,166002,0
70446,2019-12-25,대한항공,PEK(베이징),출발,,166002,0
70496,2019-12-25,대한항공,PEK(베이징),출발,,166002,0
70519,2019-12-26,대한항공,PEK(베이징),출발,,166002,0
70603,2019-12-26,대한항공,PEK(베이징),출발,,166002,0
70622,2019-12-26,대한항공,PEK(베이징),출발,,166002,0
70663,2019-12-27,대한항공,PEK(베이징),출발,,166002,0
70716,2019-12-27,대한항공,PEK(베이징),출발,,166002,0
70737,2019-12-28,대한항공,PEK(베이징),출발,,166002,0
70826,2019-12-28,대한항공,PEK(베이징),출발,,166002,0
70844,2019-12-28,대한항공,PEK(베이징),출발,,166002,0
70885,2019-12-29,대한항공,PEK(베이징),출발,,166002,0
70937,2019-12-29,대한항공,PEK(베이징),출발,,166002,0
70996,2019-12-30,대한항공,PEK(베이징),출발,,166002,0
71047,2019-12-30,대한항공,PEK(베이징),출발,,166002,0
71065,2019-12-31,대한항공,PEK(베이징),출발,,166002,0
71149,2019-12-31,대한항공,PEK(베이징),출발,,166002,0
71167,2019-12-31,대한항공,PEK(베이징),출발,,166002,0
71364,2019-06-01,대한항공,PEK(베이징),출발,,182687,0
71388,2019-06-02,대한항공,PEK(베이징),출발,,182687,0
71426,2019-06-02,대한항공,PEK(베이징),출발,,182687,0
71477,2019-06-02,대한항공,PEK(베이징),출발,,182687,0
71537,2019-06-03,대한항공,PEK(베이징),출발,,182687,0
71585,2019-06-03,대한항공,PEK(베이징),출발,,182687,0
71711,2019-06-05,대한항공,PEK(베이징),출발,,182687,0
71789,2019-06-05,대한항공,PEK(베이징),출발,,182687,0
71891,2019-06-06,대한항공,PEK(베이징),출발,,182687,0
71916,2019-06-07,대한항공,PEK(베이징),출발,,182687,0
71954,2019-06-07,대한항공,PEK(베이징),출발,,182687,0
71998,2019-06-07,대한항공,PEK(베이징),출발,,182687,0
72104,2019-06-08,대한항공,PEK(베이징),출발,,182687,0
72131,2019-06-09,대한항공,PEK(베이징),출발,,182687,0
72171,2019-06-09,대한항공,PEK(베이징),출발,,182687,0
72217,2019-06-09,대한항공,PEK(베이징),출발,,182687,0
72275,2019-06-10,대한항공,PEK(베이징),출발,,182687,0
72321,2019-06-10,대한항공,PEK(베이징),출발,,182687,0
72425,2019-06-11,대한항공,PEK(베이징),출발,,182687,0
72447,2019-06-12,대한항공,PEK(베이징),출발,,182687,0
72482,2019-06-12,대한항공,PEK(베이징),출발,,182687,0
72529,2019-06-12,대한항공,PEK(베이징),출발,,182687,0
72658,2019-06-14,대한항공,PEK(베이징),출발,,182687,0
72695,2019-06-14,대한항공,PEK(베이징),출발,,182687,0
72746,2019-06-14,대한항공,PEK(베이징),출발,,182687,0
72850,2019-06-15,대한항공,PEK(베이징),출발,,182687,0
72878,2019-06-16,대한항공,PEK(베이징),출발,,182687,0
72916,2019-06-16,대한항공,PEK(베이징),출발,,182687,0
72964,2019-06-16,대한항공,PEK(베이징),출발,,182687,0
73025,2019-06-17,대한항공,PEK(베이징),출발,,182687,0
73071,2019-06-17,대한항공,PEK(베이징),출발,,182687,0
73179,2019-06-18,대한항공,PEK(베이징),출발,,182687,0
73201,2019-06-19,대한항공,PEK(베이징),출발,,182687,0
73271,2019-06-19,대한항공,PEK(베이징),출발,,182687,0
73377,2019-06-20,대한항공,PEK(베이징),출발,,182687,0
73400,2019-06-21,대한항공,PEK(베이징),출발,,182687,0
73435,2019-06-21,대한항공,PEK(베이징),출발,,182687,0
73591,2019-06-22,대한항공,PEK(베이징),출발,,182687,0
73619,2019-06-23,대한항공,PEK(베이징),출발,,182687,0
73654,2019-06-23,대한항공,PEK(베이징),출발,,182687,0
73701,2019-06-23,대한항공,PEK(베이징),출발,,182687,0
73763,2019-06-24,대한항공,PEK(베이징),출발,,182687,0
73811,2019-06-24,대한항공,PEK(베이징),출발,,182687,0
73909,2019-06-25,대한항공,PEK(베이징),출발,,182687,0
73934,2019-06-26,대한항공,PEK(베이징),출발,,182687,0
73967,2019-06-26,대한항공,PEK(베이징),출발,,182687,0
74014,2019-06-26,대한항공,PEK(베이징),출발,,182687,0
74117,2019-06-27,대한항공,PEK(베이징),출발,,182687,0
74143,2019-06-28,대한항공,PEK(베이징),출발,,182687,0
74180,2019-06-28,대한항공,PEK(베이징),출발,,182687,0
74230,2019-06-28,대한항공,PEK(베이징),출발,,182687,0
74333,2019-06-29,대한항공,PEK(베이징),출발,,182687,0
74357,2019-06-30,대한항공,PEK(베이징),출발,,182687,0
74396,2019-06-30,대한항공,PEK(베이징),출발,,182687,0
74441,2019-06-30,대한항공,PEK(베이징),출발,,182687,0
74745,2017-09-01,대한항공,PEK(베이징),출발,,162680,0
74783,2017-09-01,대한항공,PEK(베이징),출발,,162680,0
74825,2017-09-01,대한항공,PEK(베이징),출발,,162680,0
74920,2017-09-02,대한항공,PEK(베이징),출발,,162680,0
74944,2017-09-03,대한항공,PEK(베이징),출발,,162680,0
74981,2017-09-03,대한항공,PEK(베이징),출발,,162680,0
75022,2017-09-03,대한항공,PEK(베이징),출발,,162680,0
75079,2017-09-04,대한항공,PEK(베이징),출발,,162680,0
75126,2017-09-04,대한항공,PEK(베이징),출발,,162680,0
75219,2017-09-05,대한항공,PEK(베이징),출발,,162680,0
75238,2017-09-06,대한항공,PEK(베이징),출발,,162680,0
75276,2017-09-06,대한항공,PEK(베이징),출발,,162680,0
75321,2017-09-06,대한항공,PEK(베이징),출발,,162680,0
75422,2017-09-07,대한항공,PEK(베이징),출발,,162680,0
75448,2017-09-08,대한항공,PEK(베이징),출발,,162680,0
75480,2017-09-08,대한항공,PEK(베이징),출발,,162680,0
75525,2017-09-08,대한항공,PEK(베이징),출발,,162680,0
75618,2017-09-09,대한항공,PEK(베이징),출발,,162680,0
75641,2017-09-10,대한항공,PEK(베이징),출발,,162680,0
75678,2017-09-10,대한항공,PEK(베이징),출발,,162680,0
75724,2017-09-10,대한항공,PEK(베이징),출발,,162680,0
75783,2017-09-11,대한항공,PEK(베이징),출발,,162680,0
75828,2017-09-11,대한항공,PEK(베이징),출발,,162680,0
75923,2017-09-12,대한항공,PEK(베이징),출발,,162680,0
75943,2017-09-13,대한항공,PEK(베이징),출발,,162680,0
75980,2017-09-13,대한항공,PEK(베이징),출발,,162680,0
76022,2017-09-13,대한항공,PEK(베이징),출발,,162680,0
76119,2017-09-14,대한항공,PEK(베이징),출발,,162680,0
76143,2017-09-15,대한항공,PEK(베이징),출발,,162680,0
76174,2017-09-15,대한항공,PEK(베이징),출발,,162680,0
76216,2017-09-15,대한항공,PEK(베이징),출발,,162680,0
76308,2017-09-16,대한항공,PEK(베이징),출발,,162680,0
76332,2017-09-17,대한항공,PEK(베이징),출발,,162680,0
76370,2017-09-17,대한항공,PEK(베이징),출발,,162680,0
76411,2017-09-17,대한항공,PEK(베이징),출발,,162680,0
76471,2017-09-18,대한항공,PEK(베이징),출발,,162680,0
76516,2017-09-18,대한항공,PEK(베이징),출발,,162680,0
76611,2017-09-19,대한항공,PEK(베이징),출발,,162680,0
76629,2017-09-20,대한항공,PEK(베이징),출발,,162680,0
76667,2017-09-20,대한항공,PEK(베이징),출발,,162680,0
76709,2017-09-20,대한항공,PEK(베이징),출발,,162680,0
76814,2017-09-21,대한항공,PEK(베이징),출발,,162680,0
76839,2017-09-22,대한항공,PEK(베이징),출발,,162680,0
76869,2017-09-22,대한항공,PEK(베이징),출발,,162680,0
76909,2017-09-22,대한항공,PEK(베이징),출발,,162680,0
77007,2017-09-23,대한항공,PEK(베이징),출발,,162680,0
77032,2017-09-24,대한항공,PEK(베이징),출발,,162680,0
77070,2017-09-24,대한항공,PEK(베이징),출발,,162680,0
77111,2017-09-24,대한항공,PEK(베이징),출발,,162680,0
77170,2017-09-25,대한항공,PEK(베이징),출발,,162680,0
77210,2017-09-25,대한항공,PEK(베이징),출발,,162680,0
77303,2017-09-26,대한항공,PEK(베이징),출발,,162680,0
77323,2017-09-27,대한항공,PEK(베이징),출발,,162680,0
77405,2017-09-27,대한항공,PEK(베이징),출발,,162680,0
77503,2017-09-28,대한항공,PEK(베이징),출발,,162680,0
77525,2017-09-29,대한항공,PEK(베이징),출발,,162680,0
77557,2017-09-29,대한항공,PEK(베이징),출발,,162680,0
77588,2017-09-29,대한항공,PEK(베이징),출발,,162680,0
77681,2017-09-30,대한항공,PEK(베이징),출발,,162680,0
77794,2020-02-01,대한항공,PEK(베이징),출발,,70386,0
77884,2020-02-01,대한항공,PEK(베이징),출발,,70386,0
77902,2020-02-01,대한항공,PEK(베이징),출발,,70386,0
77941,2020-02-02,대한항공,PEK(베이징),출발,,70386,0
77994,2020-02-02,대한항공,PEK(베이징),출발,,70386,0
78052,2020-02-03,대한항공,PEK(베이징),출발,,70386,0
78103,2020-02-03,대한항공,PEK(베이징),출발,,70386,0
78123,2020-02-04,대한항공,PEK(베이징),출발,,70386,0
78206,2020-02-04,대한항공,PEK(베이징),출발,,70386,0
78263,2020-02-05,대한항공,PEK(베이징),출발,,70386,0
78313,2020-02-05,대한항공,PEK(베이징),출발,,70386,0
78330,2020-02-06,대한항공,PEK(베이징),출발,,70386,0
78414,2020-02-06,대한항공,PEK(베이징),출발,,70386,0
78472,2020-02-07,대한항공,PEK(베이징),출발,,70386,0
78523,2020-02-07,대한항공,PEK(베이징),출발,,70386,0
78541,2020-02-08,대한항공,PEK(베이징),출발,,70386,0
78628,2020-02-08,대한항공,PEK(베이징),출발,,70386,0
78677,2020-02-09,대한항공,PEK(베이징),출발,,70386,0
78727,2020-02-09,대한항공,PEK(베이징),출발,,70386,0
78780,2020-02-10,대한항공,PEK(베이징),출발,,70386,0
78830,2020-02-10,대한항공,PEK(베이징),출발,,70386,0
78848,2020-02-11,대한항공,PEK(베이징),출발,,70386,0
78925,2020-02-11,대한항공,PEK(베이징),출발,,70386,0
78974,2020-02-12,대한항공,PEK(베이징),출발,,70386,0
79019,2020-02-12,대한항공,PEK(베이징),출발,,70386,0
79039,2020-02-13,대한항공,PEK(베이징),출발,,70386,0
79113,2020-02-13,대한항공,PEK(베이징),출발,,70386,0
79213,2020-02-14,대한항공,PEK(베이징),출발,,70386,0
79234,2020-02-15,대한항공,PEK(베이징),출발,,70386,0
79314,2020-02-15,대한항공,PEK(베이징),출발,,70386,0
79341,2020-02-16,대한항공,PEK(베이징),출발,,70386,0
79379,2020-02-16,대한항공,PEK(베이징),출발,,70386,0
79422,2020-02-17,대한항공,PEK(베이징),출발,,70386,0
79469,2020-02-17,대한항공,PEK(베이징),출발,,70386,0
79488,2020-02-18,대한항공,PEK(베이징),출발,,70386,0
79561,2020-02-18,대한항공,PEK(베이징),출발,,70386,0
79610,2020-02-19,대한항공,PEK(베이징),출발,,70386,0
79656,2020-02-19,대한항공,PEK(베이징),출발,,70386,0
79743,2020-02-20,대한항공,PEK(베이징),출발,,70386,0
79839,2020-02-21,대한항공,PEK(베이징),출발,,70386,0
79932,2020-02-22,대한항공,PEK(베이징),출발,,70386,0
80029,2020-02-23,대한항공,PEK(베이징),출발,,70386,0
80123,2020-02-24,대한항공,PEK(베이징),출발,,70386,0
80210,2020-02-25,대한항공,PEK(베이징),출발,,70386,0
80294,2020-02-26,대한항공,PEK(베이징),출발,,70386,0
80370,2020-02-27,대한항공,PEK(베이징),출발,,70386,0
80457,2020-02-28,대한항공,PEK(베이징),출발,,70386,0
80627,2019-10-01,대한항공,PEK(베이징),출발,,123643,0
80645,2019-10-02,대한항공,PEK(베이징),출발,,123643,0
80682,2019-10-02,대한항공,PEK(베이징),출발,,123643,0
80722,2019-10-02,대한항공,PEK(베이징),출발,,123643,0
80827,2019-10-03,대한항공,PEK(베이징),출발,,123643,0
80856,2019-10-04,대한항공,PEK(베이징),출발,,123643,0
80892,2019-10-04,대한항공,PEK(베이징),출발,,123643,0
80940,2019-10-04,대한항공,PEK(베이징),출발,,123643,0
81043,2019-10-05,대한항공,PEK(베이징),출발,,123643,0
81073,2019-10-06,대한항공,PEK(베이징),출발,,123643,0
81109,2019-10-06,대한항공,PEK(베이징),출발,,123643,0
81159,2019-10-06,대한항공,PEK(베이징),출발,,123643,0
81217,2019-10-07,대한항공,PEK(베이징),출발,,123643,0
81260,2019-10-07,대한항공,PEK(베이징),출발,,123643,0
81363,2019-10-08,대한항공,PEK(베이징),출발,,123643,0
81389,2019-10-09,대한항공,PEK(베이징),출발,,123643,0
81426,2019-10-09,대한항공,PEK(베이징),출발,,123643,0
81474,2019-10-09,대한항공,PEK(베이징),출발,,123643,0
81578,2019-10-10,대한항공,PEK(베이징),출발,,123643,0
81604,2019-10-11,대한항공,PEK(베이징),출발,,123643,0
81638,2019-10-11,대한항공,PEK(베이징),출발,,123643,0
81689,2019-10-11,대한항공,PEK(베이징),출발,,123643,0
81782,2019-10-12,대한항공,PEK(베이징),출발,,123643,0
81806,2019-10-13,대한항공,PEK(베이징),출발,,123643,0
81846,2019-10-13,대한항공,PEK(베이징),출발,,123643,0
81895,2019-10-13,대한항공,PEK(베이징),출발,,123643,0
81953,2019-10-14,대한항공,PEK(베이징),출발,,123643,0
81999,2019-10-14,대한항공,PEK(베이징),출발,,123643,0
82099,2019-10-15,대한항공,PEK(베이징),출발,,123643,0
82123,2019-10-16,대한항공,PEK(베이징),출발,,123643,0
82160,2019-10-16,대한항공,PEK(베이징),출발,,123643,0
82208,2019-10-16,대한항공,PEK(베이징),출발,,123643,0
82311,2019-10-17,대한항공,PEK(베이징),출발,,123643,0
82335,2019-10-18,대한항공,PEK(베이징),출발,,123643,0
82372,2019-10-18,대한항공,PEK(베이징),출발,,123643,0
82423,2019-10-18,대한항공,PEK(베이징),출발,,123643,0
82525,2019-10-19,대한항공,PEK(베이징),출발,,123643,0
82549,2019-10-20,대한항공,PEK(베이징),출발,,123643,0
82586,2019-10-20,대한항공,PEK(베이징),출발,,123643,0
82636,2019-10-20,대한항공,PEK(베이징),출발,,123643,0
82696,2019-10-21,대한항공,PEK(베이징),출발,,123643,0
82742,2019-10-21,대한항공,PEK(베이징),출발,,123643,0
82842,2019-10-22,대한항공,PEK(베이징),출발,,123643,0
82864,2019-10-23,대한항공,PEK(베이징),출발,,123643,0
82898,2019-10-23,대한항공,PEK(베이징),출발,,123643,0
82946,2019-10-23,대한항공,PEK(베이징),출발,,123643,0
83045,2019-10-24,대한항공,PEK(베이징),출발,,123643,0
83075,2019-10-25,대한항공,PEK(베이징),출발,,123643,0
83108,2019-10-25,대한항공,PEK(베이징),출발,,123643,0
83151,2019-10-25,대한항공,PEK(베이징),출발,,123643,0
83255,2019-10-26,대한항공,PEK(베이징),출발,,123643,0
83284,2019-10-27,대한항공,PEK(베이징),출발,,123643,0
83321,2019-10-27,대한항공,PEK(베이징),출발,,123643,0
83373,2019-10-27,대한항공,PEK(베이징),출발,,123643,0
83432,2019-10-28,대한항공,PEK(베이징),출발,,123643,0
83479,2019-10-28,대한항공,PEK(베이징),출발,,123643,0
83498,2019-10-29,대한항공,PEK(베이징),출발,,123643,0
83582,2019-10-29,대한항공,PEK(베이징),출발,,123643,0
83601,2019-10-29,대한항공,PEK(베이징),출발,,123643,0
83637,2019-10-30,대한항공,PEK(베이징),출발,,123643,0
83688,2019-10-30,대한항공,PEK(베이징),출발,,123643,0
83710,2019-10-31,대한항공,PEK(베이징),출발,,123643,0
83795,2019-10-31,대한항공,PEK(베이징),출발,,123643,0
83816,2019-10-31,대한항공,PEK(베이징),출발,,123643,0
83929,2019-04-01,대한항공,PEK(베이징),출발,,175240,0
83972,2019-04-01,대한항공,PEK(베이징),출발,,175240,0
84072,2019-04-02,대한항공,PEK(베이징),출발,,175240,0
84095,2019-04-03,대한항공,PEK(베이징),출발,,175240,0
84131,2019-04-03,대한항공,PEK(베이징),출발,,175240,0
84180,2019-04-03,대한항공,PEK(베이징),출발,,175240,0
84282,2019-04-04,대한항공,PEK(베이징),출발,,175240,0
84311,2019-04-05,대한항공,PEK(베이징),출발,,175240,0
84349,2019-04-05,대한항공,PEK(베이징),출발,,175240,0
84393,2019-04-05,대한항공,PEK(베이징),출발,,175240,0
84501,2019-04-06,대한항공,PEK(베이징),출발,,175240,0
84526,2019-04-07,대한항공,PEK(베이징),출발,,175240,0
84566,2019-04-07,대한항공,PEK(베이징),출발,,175240,0
84615,2019-04-07,대한항공,PEK(베이징),출발,,175240,0
84715,2019-04-08,대한항공,PEK(베이징),출발,,175240,0
84814,2019-04-09,대한항공,PEK(베이징),출발,,175240,0
84836,2019-04-10,대한항공,PEK(베이징),출발,,175240,0
84871,2019-04-10,대한항공,PEK(베이징),출발,,175240,0
84917,2019-04-10,대한항공,PEK(베이징),출발,,175240,0
85021,2019-04-11,대한항공,PEK(베이징),출발,,175240,0
85049,2019-04-12,대한항공,PEK(베이징),출발,,175240,0
85088,2019-04-12,대한항공,PEK(베이징),출발,,175240,0
85131,2019-04-12,대한항공,PEK(베이징),출발,,175240,0
85231,2019-04-13,대한항공,PEK(베이징),출발,,175240,0
85259,2019-04-14,대한항공,PEK(베이징),출발,,175240,0
85300,2019-04-14,대한항공,PEK(베이징),출발,,175240,0
85349,2019-04-14,대한항공,PEK(베이징),출발,,175240,0
85406,2019-04-15,대한항공,PEK(베이징),출발,,175240,0
85450,2019-04-15,대한항공,PEK(베이징),출발,,175240,0
85548,2019-04-16,대한항공,PEK(베이징),출발,,175240,0
85574,2019-04-17,대한항공,PEK(베이징),출발,,175240,0
85613,2019-04-17,대한항공,PEK(베이징),출발,,175240,0
85652,2019-04-17,대한항공,PEK(베이징),출발,,175240,0
85786,2019-04-19,대한항공,PEK(베이징),출발,,175240,0
85822,2019-04-19,대한항공,PEK(베이징),출발,,175240,0
85866,2019-04-19,대한항공,PEK(베이징),출발,,175240,0
85970,2019-04-20,대한항공,PEK(베이징),출발,,175240,0
85996,2019-04-21,대한항공,PEK(베이징),출발,,175240,0
86034,2019-04-21,대한항공,PEK(베이징),출발,,175240,0
86085,2019-04-21,대한항공,PEK(베이징),출발,,175240,0
86143,2019-04-22,대한항공,PEK(베이징),출발,,175240,0
86189,2019-04-22,대한항공,PEK(베이징),출발,,175240,0
86286,2019-04-23,대한항공,PEK(베이징),출발,,175240,0
86310,2019-04-24,대한항공,PEK(베이징),출발,,175240,0
86348,2019-04-24,대한항공,PEK(베이징),출발,,175240,0
86390,2019-04-24,대한항공,PEK(베이징),출발,,175240,0
86515,2019-04-26,대한항공,PEK(베이징),출발,,175240,0
86551,2019-04-26,대한항공,PEK(베이징),출발,,175240,0
86599,2019-04-26,대한항공,PEK(베이징),출발,,175240,0
86732,2019-04-28,대한항공,PEK(베이징),출발,,175240,0
86879,2019-04-29,대한항공,PEK(베이징),출발,,175240,0
86929,2019-04-29,대한항공,PEK(베이징),출발,,175240,0
87028,2019-04-30,대한항공,PEK(베이징),출발,,175240,0
87137,2019-05-01,대한항공,PEK(베이징),출발,,170030,0
87172,2019-05-01,대한항공,PEK(베이징),출발,,170030,0
87216,2019-05-01,대한항공,PEK(베이징),출발,,170030,0
87325,2019-05-02,대한항공,PEK(베이징),출발,,170030,0
87354,2019-05-03,대한항공,PEK(베이징),출발,,170030,0
87392,2019-05-03,대한항공,PEK(베이징),출발,,170030,0
87436,2019-05-03,대한항공,PEK(베이징),출발,,170030,0
87541,2019-05-04,대한항공,PEK(베이징),출발,,170030,0
87571,2019-05-05,대한항공,PEK(베이징),출발,,170030,0
87608,2019-05-05,대한항공,PEK(베이징),출발,,170030,0
87660,2019-05-05,대한항공,PEK(베이징),출발,,170030,0
87721,2019-05-06,대한항공,PEK(베이징),출발,,170030,0
87764,2019-05-06,대한항공,PEK(베이징),출발,,170030,0
87867,2019-05-07,대한항공,PEK(베이징),출발,,170030,0
87892,2019-05-08,대한항공,PEK(베이징),출발,,170030,0
87928,2019-05-08,대한항공,PEK(베이징),출발,,170030,0
87971,2019-05-08,대한항공,PEK(베이징),출발,,170030,0
88079,2019-05-09,대한항공,PEK(베이징),출발,,170030,0
88109,2019-05-10,대한항공,PEK(베이징),출발,,170030,0
88148,2019-05-10,대한항공,PEK(베이징),출발,,170030,0
88183,2019-05-10,대한항공,PEK(베이징),출발,,170030,0
88289,2019-05-11,대한항공,PEK(베이징),출발,,170030,0
88318,2019-05-12,대한항공,PEK(베이징),출발,,170030,0
88355,2019-05-12,대한항공,PEK(베이징),출발,,170030,0
88466,2019-05-13,대한항공,PEK(베이징),출발,,170030,0
88513,2019-05-13,대한항공,PEK(베이징),출발,,170030,0
88618,2019-05-14,대한항공,PEK(베이징),출발,,170030,0
88642,2019-05-15,대한항공,PEK(베이징),출발,,170030,0
88680,2019-05-15,대한항공,PEK(베이징),출발,,170030,0
88724,2019-05-15,대한항공,PEK(베이징),출발,,170030,0
88832,2019-05-16,대한항공,PEK(베이징),출발,,170030,0
88895,2019-05-17,대한항공,PEK(베이징),출발,,170030,0
88943,2019-05-17,대한항공,PEK(베이징),출발,,170030,0
89041,2019-05-18,대한항공,PEK(베이징),출발,,170030,0
89070,2019-05-19,대한항공,PEK(베이징),출발,,170030,0
89107,2019-05-19,대한항공,PEK(베이징),출발,,170030,0
89154,2019-05-19,대한항공,PEK(베이징),출발,,170030,0
89214,2019-05-20,대한항공,PEK(베이징),출발,,170030,0
89259,2019-05-20,대한항공,PEK(베이징),출발,,170030,0
89365,2019-05-21,대한항공,PEK(베이징),출발,,170030,0
89388,2019-05-22,대한항공,PEK(베이징),출발,,170030,0
89427,2019-05-22,대한항공,PEK(베이징),출발,,170030,0
89468,2019-05-22,대한항공,PEK(베이징),출발,,170030,0
89572,2019-05-23,대한항공,PEK(베이징),출발,,170030,0
89603,2019-05-24,대한항공,PEK(베이징),출발,,170030,0
89642,2019-05-24,대한항공,PEK(베이징),출발,,170030,0
89684,2019-05-24,대한항공,PEK(베이징),출발,,170030,0
89792,2019-05-25,대한항공,PEK(베이징),출발,,170030,0
89819,2019-05-26,대한항공,PEK(베이징),출발,,170030,0
89857,2019-05-26,대한항공,PEK(베이징),출발,,170030,0
89958,2019-05-27,대한항공,PEK(베이징),출발,,170030,0
89998,2019-05-27,대한항공,PEK(베이징),출발,,170030,0
90127,2019-05-29,대한항공,PEK(베이징),출발,,170030,0
90164,2019-05-29,대한항공,PEK(베이징),출발,,170030,0
90205,2019-05-29,대한항공,PEK(베이징),출발,,170030,0
90311,2019-05-30,대한항공,PEK(베이징),출발,,170030,0
90338,2019-05-31,대한항공,PEK(베이징),출발,,170030,0
90377,2019-05-31,대한항공,PEK(베이징),출발,,170030,0
90419,2019-05-31,대한항공,PEK(베이징),출발,,170030,0
90602,2019-11-01,대한항공,PEK(베이징),출발,,130381,0
90657,2019-11-01,대한항공,PEK(베이징),출발,,130381,0
90675,2019-11-02,대한항공,PEK(베이징),출발,,130381,0
90759,2019-11-02,대한항공,PEK(베이징),출발,,130381,0
90778,2019-11-02,대한항공,PEK(베이징),출발,,130381,0
90816,2019-11-03,대한항공,PEK(베이징),출발,,130381,0
90870,2019-11-03,대한항공,PEK(베이징),출발,,130381,0
90927,2019-11-04,대한항공,PEK(베이징),출발,,130381,0
90979,2019-11-04,대한항공,PEK(베이징),출발,,130381,0
90998,2019-11-05,대한항공,PEK(베이징),출발,,130381,0
91080,2019-11-05,대한항공,PEK(베이징),출발,,130381,0
91099,2019-11-05,대한항공,PEK(베이징),출발,,130381,0
91137,2019-11-06,대한항공,PEK(베이징),출발,,130381,0
91187,2019-11-06,대한항공,PEK(베이징),출발,,130381,0
91206,2019-11-07,대한항공,PEK(베이징),출발,,130381,0
91290,2019-11-07,대한항공,PEK(베이징),출발,,130381,0
91310,2019-11-07,대한항공,PEK(베이징),출발,,130381,0
91347,2019-11-08,대한항공,PEK(베이징),출발,,130381,0
91400,2019-11-08,대한항공,PEK(베이징),출발,,130381,0
91420,2019-11-09,대한항공,PEK(베이징),출발,,130381,0
91508,2019-11-09,대한항공,PEK(베이징),출발,,130381,0
91526,2019-11-09,대한항공,PEK(베이징),출발,,130381,0
91565,2019-11-10,대한항공,PEK(베이징),출발,,130381,0
91658,2019-11-11,대한항공,PEK(베이징),출발,,130381,0
91706,2019-11-11,대한항공,PEK(베이징),출발,,130381,0
91724,2019-11-12,대한항공,PEK(베이징),출발,,130381,0
91806,2019-11-12,대한항공,PEK(베이징),출발,,130381,0
91821,2019-11-12,대한항공,PEK(베이징),출발,,130381,0
91861,2019-11-13,대한항공,PEK(베이징),출발,,130381,0
91908,2019-11-13,대한항공,PEK(베이징),출발,,130381,0
91929,2019-11-14,대한항공,PEK(베이징),출발,,130381,0
92011,2019-11-14,대한항공,PEK(베이징),출발,,130381,0
92030,2019-11-14,대한항공,PEK(베이징),출발,,130381,0
92067,2019-11-15,대한항공,PEK(베이징),출발,,130381,0
92104,2019-11-15,대한항공,PEK(베이징),출발,,130381,0
92121,2019-11-16,대한항공,PEK(베이징),출발,,130381,0
92202,2019-11-16,대한항공,PEK(베이징),출발,,130381,0
92221,2019-11-16,대한항공,PEK(베이징),출발,,130381,0
92261,2019-11-17,대한항공,PEK(베이징),출발,,130381,0
92310,2019-11-17,대한항공,PEK(베이징),출발,,130381,0
92368,2019-11-18,대한항공,PEK(베이징),출발,,130381,0
92417,2019-11-18,대한항공,PEK(베이징),출발,,130381,0
92438,2019-11-19,대한항공,PEK(베이징),출발,,130381,0
92519,2019-11-19,대한항공,PEK(베이징),출발,,130381,0
92537,2019-11-19,대한항공,PEK(베이징),출발,,130381,0
92579,2019-11-20,대한항공,PEK(베이징),출발,,130381,0
92628,2019-11-20,대한항공,PEK(베이징),출발,,130381,0
92649,2019-11-21,대한항공,PEK(베이징),출발,,130381,0
92731,2019-11-21,대한항공,PEK(베이징),출발,,130381,0
92750,2019-11-21,대한항공,PEK(베이징),출발,,130381,0
92790,2019-11-22,대한항공,PEK(베이징),출발,,130381,0
92839,2019-11-22,대한항공,PEK(베이징),출발,,130381,0
92859,2019-11-23,대한항공,PEK(베이징),출발,,130381,0
92946,2019-11-23,대한항공,PEK(베이징),출발,,130381,0
92965,2019-11-23,대한항공,PEK(베이징),출발,,130381,0
93005,2019-11-24,대한항공,PEK(베이징),출발,,130381,0
93055,2019-11-24,대한항공,PEK(베이징),출발,,130381,0
93112,2019-11-25,대한항공,PEK(베이징),출발,,130381,0
93161,2019-11-25,대한항공,PEK(베이징),출발,,130381,0
93180,2019-11-26,대한항공,PEK(베이징),출발,,130381,0
93264,2019-11-26,대한항공,PEK(베이징),출발,,130381,0
93280,2019-11-26,대한항공,PEK(베이징),출발,,130381,0
93324,2019-11-27,대한항공,PEK(베이징),출발,,130381,0
93372,2019-11-27,대한항공,PEK(베이징),출발,,130381,0
93393,2019-11-28,대한항공,PEK(베이징),출발,,130381,0
93478,2019-11-28,대한항공,PEK(베이징),출발,,130381,0
93498,2019-11-28,대한항공,PEK(베이징),출발,,130381,0
93540,2019-11-29,대한항공,PEK(베이징),출발,,130381,0
93593,2019-11-29,대한항공,PEK(베이징),출발,,130381,0
93613,2019-11-30,대한항공,PEK(베이징),출발,,130381,0
93700,2019-11-30,대한항공,PEK(베이징),출발,,130381,0
93718,2019-11-30,대한항공,PEK(베이징),출발,,130381,0
93914,2020-01-01,대한항공,PEK(베이징),출발,,179644,0
93965,2020-01-01,대한항공,PEK(베이징),출발,,179644,0
93988,2020-01-02,대한항공,PEK(베이징),출발,,179644,0
94077,2020-01-02,대한항공,PEK(베이징),출발,,179644,0
94097,2020-01-02,대한항공,PEK(베이징),출발,,179644,0
94139,2020-01-03,대한항공,PEK(베이징),출발,,179644,0
94195,2020-01-03,대한항공,PEK(베이징),출발,,179644,0
94215,2020-01-04,대한항공,PEK(베이징),출발,,179644,0
94308,2020-01-04,대한항공,PEK(베이징),출발,,179644,0
94326,2020-01-04,대한항공,PEK(베이징),출발,,179644,0
94363,2020-01-05,대한항공,PEK(베이징),출발,,179644,0
94416,2020-01-05,대한항공,PEK(베이징),출발,,179644,0
94476,2020-01-06,대한항공,PEK(베이징),출발,,179644,0
94528,2020-01-06,대한항공,PEK(베이징),출발,,179644,0
94544,2020-01-07,대한항공,PEK(베이징),출발,,179644,0
94630,2020-01-07,대한항공,PEK(베이징),출발,,179644,0
94648,2020-01-07,대한항공,PEK(베이징),출발,,179644,0
94688,2020-01-08,대한항공,PEK(베이징),출발,,179644,0
94738,2020-01-08,대한항공,PEK(베이징),출발,,179644,0
94756,2020-01-09,대한항공,PEK(베이징),출발,,179644,0
94844,2020-01-09,대한항공,PEK(베이징),출발,,179644,0
94864,2020-01-09,대한항공,PEK(베이징),출발,,179644,0
94905,2020-01-10,대한항공,PEK(베이징),출발,,179644,0
94957,2020-01-10,대한항공,PEK(베이징),출발,,179644,0
94975,2020-01-11,대한항공,PEK(베이징),출발,,179644,0
95054,2020-01-11,대한항공,PEK(베이징),출발,,179644,0
95071,2020-01-11,대한항공,PEK(베이징),출발,,179644,0
95110,2020-01-12,대한항공,PEK(베이징),출발,,179644,0
95163,2020-01-12,대한항공,PEK(베이징),출발,,179644,0
95221,2020-01-13,대한항공,PEK(베이징),출발,,179644,0
95270,2020-01-13,대한항공,PEK(베이징),출발,,179644,0
95289,2020-01-14,대한항공,PEK(베이징),출발,,179644,0
95376,2020-01-14,대한항공,PEK(베이징),출발,,179644,0
95394,2020-01-15,대한항공,PEK(베이징),출발,,179644,0
95434,2020-01-15,대한항공,PEK(베이징),출발,,179644,0
95483,2020-01-15,대한항공,PEK(베이징),출발,,179644,0
95498,2020-01-16,대한항공,PEK(베이징),출발,,179644,0
95579,2020-01-16,대한항공,PEK(베이징),출발,,179644,0
95599,2020-01-16,대한항공,PEK(베이징),출발,,179644,0
95641,2020-01-17,대한항공,PEK(베이징),출발,,179644,0
95696,2020-01-17,대한항공,PEK(베이징),출발,,179644,0
95714,2020-01-18,대한항공,PEK(베이징),출발,,179644,0
95802,2020-01-18,대한항공,PEK(베이징),출발,,179644,0
95816,2020-01-18,대한항공,PEK(베이징),출발,,179644,0
95856,2020-01-19,대한항공,PEK(베이징),출발,,179644,0
95910,2020-01-19,대한항공,PEK(베이징),출발,,179644,0
95972,2020-01-20,대한항공,PEK(베이징),출발,,179644,0
96021,2020-01-20,대한항공,PEK(베이징),출발,,179644,0
96041,2020-01-21,대한항공,PEK(베이징),출발,,179644,0
96126,2020-01-21,대한항공,PEK(베이징),출발,,179644,0
96142,2020-01-21,대한항공,PEK(베이징),출발,,179644,0
96183,2020-01-22,대한항공,PEK(베이징),출발,,179644,0
96236,2020-01-22,대한항공,PEK(베이징),출발,,179644,0
96258,2020-01-23,대한항공,PEK(베이징),출발,,179644,0
96346,2020-01-23,대한항공,PEK(베이징),출발,,179644,0
96367,2020-01-23,대한항공,PEK(베이징),출발,,179644,0
96407,2020-01-24,대한항공,PEK(베이징),출발,,179644,0
96460,2020-01-24,대한항공,PEK(베이징),출발,,179644,0
96481,2020-01-25,대한항공,PEK(베이징),출발,,179644,0
96573,2020-01-25,대한항공,PEK(베이징),출발,,179644,0
96591,2020-01-25,대한항공,PEK(베이징),출발,,179644,0
96631,2020-01-26,대한항공,PEK(베이징),출발,,179644,0
96686,2020-01-26,대한항공,PEK(베이징),출발,,179644,0
96744,2020-01-27,대한항공,PEK(베이징),출발,,179644,0
96799,2020-01-27,대한항공,PEK(베이징),출발,,179644,0
96820,2020-01-28,대한항공,PEK(베이징),출발,,179644,0
96907,2020-01-28,대한항공,PEK(베이징),출발,,179644,0
96926,2020-01-28,대한항공,PEK(베이징),출발,,179644,0
96967,2020-01-29,대한항공,PEK(베이징),출발,,179644,0
97020,2020-01-29,대한항공,PEK(베이징),출발,,179644,0
97042,2020-01-30,대한항공,PEK(베이징),출발,,179644,0
97131,2020-01-30,대한항공,PEK(베이징),출발,,179644,0
97152,2020-01-30,대한항공,PEK(베이징),출발,,179644,0
97191,2020-01-31,대한항공,PEK(베이징),출발,,179644,0
97249,2020-01-31,대한항공,PEK(베이징),출발,,179644,0
97841,2018-02-01,대한항공,PEK(베이징),출발,,173703,0
97853,2018-02-01,대한항공,PEK(베이징),출발,,173703,0
97926,2018-02-02,대한항공,PEK(베이징),출발,,173703,0
98011,2018-02-03,대한항공,PEK(베이징),출발,,173703,0
98051,2018-02-04,대한항공,PEK(베이징),출발,,173703,0
98150,2018-02-05,대한항공,PEK(베이징),출발,,173703,0
98184,2018-02-05,대한항공,PEK(베이징),출발,,173703,0
98296,2018-02-06,대한항공,PEK(베이징),출발,,173703,0
98335,2018-02-07,대한항공,PEK(베이징),출발,,173703,0
98376,2018-02-07,대한항공,PEK(베이징),출발,,173703,0
98477,2018-02-09,대한항공,PEK(베이징),출발,,173703,0
98517,2018-02-09,대한항공,PEK(베이징),출발,,173703,0
98664,2018-02-11,대한항공,PEK(베이징),출발,,173703,0
98704,2018-02-11,대한항공,PEK(베이징),출발,,173703,0
98770,2018-02-12,대한항공,PEK(베이징),출발,,173703,0
98893,2018-02-13,대한항공,PEK(베이징),출발,,173703,0
98908,2018-02-13,대한항공,PEK(베이징),출발,,173703,0
98950,2018-02-14,대한항공,PEK(베이징),출발,,173703,0
99000,2018-02-14,대한항공,PEK(베이징),출발,,173703,0
99104,2018-02-15,대한항공,PEK(베이징),출발,,173703,0
99126,2018-02-15,대한항공,PEK(베이징),출발,,173703,0
99168,2018-02-16,대한항공,PEK(베이징),출발,,173703,0
99222,2018-02-16,대한항공,PEK(베이징),출발,,173703,0
99328,2018-02-17,대한항공,PEK(베이징),출발,,173703,0
99347,2018-02-17,대한항공,PEK(베이징),출발,,173703,0
99388,2018-02-18,대한항공,PEK(베이징),출발,,173703,0
99444,2018-02-18,대한항공,PEK(베이징),출발,,173703,0
99504,2018-02-19,대한항공,PEK(베이징),출발,,173703,0
99555,2018-02-19,대한항공,PEK(베이징),출발,,173703,0
99649,2018-02-20,대한항공,PEK(베이징),출발,,173703,0
99666,2018-02-20,대한항공,PEK(베이징),출발,,173703,0
99708,2018-02-21,대한항공,PEK(베이징),출발,,173703,0
99760,2018-02-21,대한항공,PEK(베이징),출발,,173703,0
99859,2018-02-22,대한항공,PEK(베이징),출발,,173703,0
99881,2018-02-22,대한항공,PEK(베이징),출발,,173703,0
100044,2018-02-25,대한항공,PEK(베이징),출발,,173703,0
100080,2018-02-25,대한항공,PEK(베이징),출발,,173703,0
100130,2018-02-25,대한항공,PEK(베이징),출발,,173703,0
100229,2018-02-26,대한항공,PEK(베이징),출발,,173703,0
100323,2018-02-27,대한항공,PEK(베이징),출발,,173703,0
100337,2018-02-27,대한항공,PEK(베이징),출발,,173703,0
100376,2018-02-28,대한항공,PEK(베이징),출발,,173703,0
101734,2018-03-01,대한항공,PEK(베이징),출발,,179857,0
101750,2018-03-01,대한항공,PEK(베이징),출발,,179857,0
101787,2018-03-02,대한항공,PEK(베이징),출발,,179857,0
101832,2018-03-02,대한항공,PEK(베이징),출발,,179857,0
101938,2018-03-03,대한항공,PEK(베이징),출발,,179857,0
101959,2018-03-04,대한항공,PEK(베이징),출발,,179857,0
101997,2018-03-04,대한항공,PEK(베이징),출발,,179857,0
102049,2018-03-04,대한항공,PEK(베이징),출발,,179857,0
102106,2018-03-05,대한항공,PEK(베이징),출발,,179857,0
102155,2018-03-05,대한항공,PEK(베이징),출발,,179857,0
102257,2018-03-06,대한항공,PEK(베이징),출발,,179857,0
102270,2018-03-06,대한항공,PEK(베이징),출발,,179857,0
102312,2018-03-07,대한항공,PEK(베이징),출발,,179857,0
102363,2018-03-07,대한항공,PEK(베이징),출발,,179857,0
102465,2018-03-08,대한항공,PEK(베이징),출발,,179857,0
102487,2018-03-08,대한항공,PEK(베이징),출발,,179857,0
102528,2018-03-09,대한항공,PEK(베이징),출발,,179857,0
102580,2018-03-09,대한항공,PEK(베이징),출발,,179857,0
102684,2018-03-10,대한항공,PEK(베이징),출발,,179857,0
102704,2018-03-10,대한항공,PEK(베이징),출발,,179857,0
102745,2018-03-11,대한항공,PEK(베이징),출발,,179857,0
102797,2018-03-11,대한항공,PEK(베이징),출발,,179857,0
102856,2018-03-12,대한항공,PEK(베이징),출발,,179857,0
102905,2018-03-12,대한항공,PEK(베이징),출발,,179857,0
103010,2018-03-13,대한항공,PEK(베이징),출발,,179857,0
103025,2018-03-13,대한항공,PEK(베이징),출발,,179857,0
103067,2018-03-14,대한항공,PEK(베이징),출발,,179857,0
103118,2018-03-14,대한항공,PEK(베이징),출발,,179857,0
103215,2018-03-15,대한항공,PEK(베이징),출발,,179857,0
103237,2018-03-15,대한항공,PEK(베이징),출발,,179857,0
103279,2018-03-16,대한항공,PEK(베이징),출발,,179857,0
103326,2018-03-16,대한항공,PEK(베이징),출발,,179857,0
103431,2018-03-17,대한항공,PEK(베이징),출발,,179857,0
103449,2018-03-17,대한항공,PEK(베이징),출발,,179857,0
103491,2018-03-18,대한항공,PEK(베이징),출발,,179857,0
103541,2018-03-18,대한항공,PEK(베이징),출발,,179857,0
103600,2018-03-19,대한항공,PEK(베이징),출발,,179857,0
103645,2018-03-19,대한항공,PEK(베이징),출발,,179857,0
103750,2018-03-20,대한항공,PEK(베이징),출발,,179857,0
103766,2018-03-20,대한항공,PEK(베이징),출발,,179857,0
103807,2018-03-21,대한항공,PEK(베이징),출발,,179857,0
103852,2018-03-21,대한항공,PEK(베이징),출발,,179857,0
103946,2018-03-22,대한항공,PEK(베이징),출발,,179857,0
103967,2018-03-22,대한항공,PEK(베이징),출발,,179857,0
104054,2018-03-23,대한항공,PEK(베이징),출발,,179857,0
104151,2018-03-24,대한항공,PEK(베이징),출발,,179857,0
104171,2018-03-25,대한항공,PEK(베이징),출발,,179857,0
104210,2018-03-25,대한항공,PEK(베이징),출발,,179857,0
104257,2018-03-25,대한항공,PEK(베이징),출발,,179857,0
104313,2018-03-26,대한항공,PEK(베이징),출발,,179857,0
104352,2018-03-26,대한항공,PEK(베이징),출발,,179857,0
104444,2018-03-27,대한항공,PEK(베이징),출발,,179857,0
104461,2018-03-27,대한항공,PEK(베이징),출발,,179857,0
104500,2018-03-28,대한항공,PEK(베이징),출발,,179857,0
104537,2018-03-28,대한항공,PEK(베이징),출발,,179857,0
104634,2018-03-29,대한항공,PEK(베이징),출발,,179857,0
104657,2018-03-30,대한항공,PEK(베이징),출발,,179857,0
104696,2018-03-30,대한항공,PEK(베이징),출발,,179857,0
104737,2018-03-30,대한항공,PEK(베이징),출발,,179857,0
104839,2018-03-31,대한항공,PEK(베이징),출발,,179857,0
106047,2018-01-01,대한항공,PEK(베이징),출발,,198492,0
106091,2018-01-01,대한항공,PEK(베이징),출발,,198492,0
106172,2018-01-02,대한항공,PEK(베이징),출발,,198492,0
106185,2018-01-02,대한항공,PEK(베이징),출발,,198492,0
106233,2018-01-03,대한항공,PEK(베이징),출발,,198492,0
106301,2018-01-04,대한항공,PEK(베이징),출발,,198492,0
106314,2018-01-04,대한항공,PEK(베이징),출발,,198492,0
106368,2018-01-05,대한항공,PEK(베이징),출발,,198492,0
106425,2018-01-06,대한항공,PEK(베이징),출발,,198492,0
106603,2018-01-09,대한항공,PEK(베이징),출발,,198492,0
106611,2018-01-09,대한항공,PEK(베이징),출발,,198492,0
106641,2018-01-10,대한항공,PEK(베이징),출발,,198492,0
106704,2018-01-11,대한항공,PEK(베이징),출발,,198492,0
106719,2018-01-11,대한항공,PEK(베이징),출발,,198492,0
106769,2018-01-12,대한항공,PEK(베이징),출발,,198492,0
106794,2018-01-13,대한항공,PEK(베이징),출발,,198492,0
106919,2018-01-15,대한항공,PEK(베이징),출발,,198492,0
107004,2018-01-16,대한항공,PEK(베이징),출발,,198492,0
107014,2018-01-16,대한항공,PEK(베이징),출발,,198492,0
107038,2018-01-17,대한항공,PEK(베이징),출발,,198492,0
107078,2018-01-17,대한항공,PEK(베이징),출발,,198492,0
107165,2018-01-18,대한항공,PEK(베이징),출발,,198492,0
107206,2018-01-19,대한항공,PEK(베이징),출발,,198492,0
107347,2018-01-20,대한항공,PEK(베이징),출발,,198492,0
107367,2018-01-20,대한항공,PEK(베이징),출발,,198492,0
107405,2018-01-21,대한항공,PEK(베이징),출발,,198492,0
107455,2018-01-21,대한항공,PEK(베이징),출발,,198492,0
107511,2018-01-22,대한항공,PEK(베이징),출발,,198492,0
107545,2018-01-22,대한항공,PEK(베이징),출발,,198492,0
107628,2018-01-23,대한항공,PEK(베이징),출발,,198492,0
107656,2018-01-24,대한항공,PEK(베이징),출발,,198492,0
107692,2018-01-24,대한항공,PEK(베이징),출발,,198492,0
107781,2018-01-25,대한항공,PEK(베이징),출발,,198492,0
107797,2018-01-26,대한항공,PEK(베이징),출발,,198492,0
107940,2018-01-27,대한항공,PEK(베이징),출발,,198492,0
107959,2018-01-27,대한항공,PEK(베이징),출발,,198492,0
107996,2018-01-28,대한항공,PEK(베이징),출발,,198492,0
108035,2018-01-28,대한항공,PEK(베이징),출발,,198492,0
108092,2018-01-29,대한항공,PEK(베이징),출발,,198492,0
108139,2018-01-29,대한항공,PEK(베이징),출발,,198492,0
108216,2018-01-30,대한항공,PEK(베이징),출발,,198492,0
108248,2018-01-31,대한항공,PEK(베이징),출발,,198492,0
108294,2018-01-31,대한항공,PEK(베이징),출발,,198492,0
109476,2018-10-01,대한항공,PEK(베이징),출발,,181944,0
109519,2018-10-01,대한항공,PEK(베이징),출발,,181944,0
109618,2018-10-02,대한항공,PEK(베이징),출발,,181944,0
109642,2018-10-03,대한항공,PEK(베이징),출발,,181944,0
109679,2018-10-03,대한항공,PEK(베이징),출발,,181944,0
109722,2018-10-03,대한항공,PEK(베이징),출발,,181944,0
109826,2018-10-04,대한항공,PEK(베이징),출발,,181944,0
109856,2018-10-05,대한항공,PEK(베이징),출발,,181944,0
109891,2018-10-05,대한항공,PEK(베이징),출발,,181944,0
109932,2018-10-05,대한항공,PEK(베이징),출발,,181944,0
110038,2018-10-06,대한항공,PEK(베이징),출발,,181944,0
110066,2018-10-07,대한항공,PEK(베이징),출발,,181944,0
110104,2018-10-07,대한항공,PEK(베이징),출발,,181944,0
110152,2018-10-07,대한항공,PEK(베이징),출발,,181944,0
110218,2018-10-08,대한항공,PEK(베이징),출발,,181944,0
110266,2018-10-08,대한항공,PEK(베이징),출발,,181944,0
110366,2018-10-09,대한항공,PEK(베이징),출발,,181944,0
110388,2018-10-10,대한항공,PEK(베이징),출발,,181944,0
110424,2018-10-10,대한항공,PEK(베이징),출발,,181944,0
110469,2018-10-10,대한항공,PEK(베이징),출발,,181944,0
110575,2018-10-11,대한항공,PEK(베이징),출발,,181944,0
110600,2018-10-12,대한항공,PEK(베이징),출발,,181944,0
110637,2018-10-12,대한항공,PEK(베이징),출발,,181944,0
110681,2018-10-12,대한항공,PEK(베이징),출발,,181944,0
110789,2018-10-13,대한항공,PEK(베이징),출발,,181944,0
110814,2018-10-14,대한항공,PEK(베이징),출발,,181944,0
110851,2018-10-14,대한항공,PEK(베이징),출발,,181944,0
110897,2018-10-14,대한항공,PEK(베이징),출발,,181944,0
110962,2018-10-15,대한항공,PEK(베이징),출발,,181944,0
111007,2018-10-15,대한항공,PEK(베이징),출발,,181944,0
111109,2018-10-16,대한항공,PEK(베이징),출발,,181944,0
111130,2018-10-17,대한항공,PEK(베이징),출발,,181944,0
111166,2018-10-17,대한항공,PEK(베이징),출발,,181944,0
111207,2018-10-17,대한항공,PEK(베이징),출발,,181944,0
111310,2018-10-18,대한항공,PEK(베이징),출발,,181944,0
111339,2018-10-19,대한항공,PEK(베이징),출발,,181944,0
111375,2018-10-19,대한항공,PEK(베이징),출발,,181944,0
111422,2018-10-19,대한항공,PEK(베이징),출발,,181944,0
111522,2018-10-20,대한항공,PEK(베이징),출발,,181944,0
111549,2018-10-21,대한항공,PEK(베이징),출발,,181944,0
111588,2018-10-21,대한항공,PEK(베이징),출발,,181944,0
111637,2018-10-21,대한항공,PEK(베이징),출발,,181944,0
111695,2018-10-22,대한항공,PEK(베이징),출발,,181944,0
111741,2018-10-22,대한항공,PEK(베이징),출발,,181944,0
111830,2018-10-23,대한항공,PEK(베이징),출발,,181944,0
111850,2018-10-24,대한항공,PEK(베이징),출발,,181944,0
111885,2018-10-24,대한항공,PEK(베이징),출발,,181944,0
111925,2018-10-24,대한항공,PEK(베이징),출발,,181944,0
112031,2018-10-25,대한항공,PEK(베이징),출발,,181944,0
112056,2018-10-26,대한항공,PEK(베이징),출발,,181944,0
112091,2018-10-26,대한항공,PEK(베이징),출발,,181944,0
112136,2018-10-26,대한항공,PEK(베이징),출발,,181944,0
112237,2018-10-27,대한항공,PEK(베이징),출발,,181944,0
112261,2018-10-28,대한항공,PEK(베이징),출발,,181944,0
112296,2018-10-28,대한항공,PEK(베이징),출발,,181944,0
112338,2018-10-28,대한항공,PEK(베이징),출발,,181944,0
112396,2018-10-29,대한항공,PEK(베이징),출발,,181944,0
112445,2018-10-29,대한항공,PEK(베이징),출발,,181944,0
112548,2018-10-30,대한항공,PEK(베이징),출발,,181944,0
112565,2018-10-30,대한항공,PEK(베이징),출발,,181944,0
112605,2018-10-31,대한항공,PEK(베이징),출발,,181944,0
112654,2018-10-31,대한항공,PEK(베이징),출발,,181944,0
112807,2018-04-01,대한항공,PEK(베이징),출발,,165934,0
112847,2018-04-01,대한항공,PEK(베이징),출발,,165934,0
112896,2018-04-01,대한항공,PEK(베이징),출발,,165934,0
112957,2018-04-02,대한항공,PEK(베이징),출발,,165934,0
113003,2018-04-02,대한항공,PEK(베이징),출발,,165934,0
113105,2018-04-03,대한항공,PEK(베이징),출발,,165934,0
113124,2018-04-04,대한항공,PEK(베이징),출발,,165934,0
113161,2018-04-04,대한항공,PEK(베이징),출발,,165934,0
113200,2018-04-04,대한항공,PEK(베이징),출발,,165934,0
113304,2018-04-05,대한항공,PEK(베이징),출발,,165934,0
113329,2018-04-06,대한항공,PEK(베이징),출발,,165934,0
113367,2018-04-06,대한항공,PEK(베이징),출발,,165934,0
113415,2018-04-06,대한항공,PEK(베이징),출발,,165934,0
113514,2018-04-07,대한항공,PEK(베이징),출발,,165934,0
113538,2018-04-08,대한항공,PEK(베이징),출발,,165934,0
113578,2018-04-08,대한항공,PEK(베이징),출발,,165934,0
113626,2018-04-08,대한항공,PEK(베이징),출발,,165934,0
113685,2018-04-09,대한항공,PEK(베이징),출발,,165934,0
113727,2018-04-09,대한항공,PEK(베이징),출발,,165934,0
113818,2018-04-10,대한항공,PEK(베이징),출발,,165934,0
113867,2018-04-11,대한항공,PEK(베이징),출발,,165934,0
113908,2018-04-11,대한항공,PEK(베이징),출발,,165934,0
114012,2018-04-12,대한항공,PEK(베이징),출발,,165934,0
114035,2018-04-13,대한항공,PEK(베이징),출발,,165934,0
114074,2018-04-13,대한항공,PEK(베이징),출발,,165934,0
114121,2018-04-13,대한항공,PEK(베이징),출발,,165934,0
114216,2018-04-14,대한항공,PEK(베이징),출발,,165934,0
114240,2018-04-15,대한항공,PEK(베이징),출발,,165934,0
114278,2018-04-15,대한항공,PEK(베이징),출발,,165934,0
114326,2018-04-15,대한항공,PEK(베이징),출발,,165934,0
114383,2018-04-16,대한항공,PEK(베이징),출발,,165934,0
114429,2018-04-16,대한항공,PEK(베이징),출발,,165934,0
114529,2018-04-17,대한항공,PEK(베이징),출발,,165934,0
114547,2018-04-18,대한항공,PEK(베이징),출발,,165934,0
114586,2018-04-18,대한항공,PEK(베이징),출발,,165934,0
114630,2018-04-18,대한항공,PEK(베이징),출발,,165934,0
114732,2018-04-19,대한항공,PEK(베이징),출발,,165934,0
114757,2018-04-20,대한항공,PEK(베이징),출발,,165934,0
114796,2018-04-20,대한항공,PEK(베이징),출발,,165934,0
114838,2018-04-20,대한항공,PEK(베이징),출발,,165934,0
114936,2018-04-21,대한항공,PEK(베이징),출발,,165934,0
114959,2018-04-22,대한항공,PEK(베이징),출발,,165934,0
114998,2018-04-22,대한항공,PEK(베이징),출발,,165934,0
115045,2018-04-22,대한항공,PEK(베이징),출발,,165934,0
115100,2018-04-23,대한항공,PEK(베이징),출발,,165934,0
115144,2018-04-23,대한항공,PEK(베이징),출발,,165934,0
115248,2018-04-24,대한항공,PEK(베이징),출발,,165934,0
115269,2018-04-25,대한항공,PEK(베이징),출발,,165934,0
115306,2018-04-25,대한항공,PEK(베이징),출발,,165934,0
115348,2018-04-25,대한항공,PEK(베이징),출발,,165934,0
115457,2018-04-26,대한항공,PEK(베이징),출발,,165934,0
115482,2018-04-27,대한항공,PEK(베이징),출발,,165934,0
115521,2018-04-27,대한항공,PEK(베이징),출발,,165934,0
115557,2018-04-27,대한항공,PEK(베이징),출발,,165934,0
115663,2018-04-28,대한항공,PEK(베이징),출발,,165934,0
115686,2018-04-29,대한항공,PEK(베이징),출발,,165934,0
115725,2018-04-29,대한항공,PEK(베이징),출발,,165934,0
115772,2018-04-29,대한항공,PEK(베이징),출발,,165934,0
115833,2018-04-30,대한항공,PEK(베이징),출발,,165934,0
115880,2018-04-30,대한항공,PEK(베이징),출발,,165934,0
116650,2018-05-01,대한항공,PEK(베이징),출발,,158737,0
116674,2018-05-02,대한항공,PEK(베이징),출발,,158737,0
116710,2018-05-02,대한항공,PEK(베이징),출발,,158737,0
116758,2018-05-02,대한항공,PEK(베이징),출발,,158737,0
116859,2018-05-03,대한항공,PEK(베이징),출발,,158737,0
116886,2018-05-04,대한항공,PEK(베이징),출발,,158737,0
116922,2018-05-04,대한항공,PEK(베이징),출발,,158737,0
116970,2018-05-04,대한항공,PEK(베이징),출발,,158737,0
117078,2018-05-05,대한항공,PEK(베이징),출발,,158737,0
117100,2018-05-06,대한항공,PEK(베이징),출발,,158737,0
117140,2018-05-06,대한항공,PEK(베이징),출발,,158737,0
117187,2018-05-06,대한항공,PEK(베이징),출발,,158737,0
117247,2018-05-07,대한항공,PEK(베이징),출발,,158737,0
117293,2018-05-07,대한항공,PEK(베이징),출발,,158737,0
117391,2018-05-08,대한항공,PEK(베이징),출발,,158737,0
117410,2018-05-09,대한항공,PEK(베이징),출발,,158737,0
117447,2018-05-09,대한항공,PEK(베이징),출발,,158737,0
117492,2018-05-09,대한항공,PEK(베이징),출발,,158737,0
117599,2018-05-10,대한항공,PEK(베이징),출발,,158737,0
117624,2018-05-11,대한항공,PEK(베이징),출발,,158737,0
117662,2018-05-11,대한항공,PEK(베이징),출발,,158737,0
117709,2018-05-11,대한항공,PEK(베이징),출발,,158737,0
117835,2018-05-13,대한항공,PEK(베이징),출발,,158737,0
117872,2018-05-13,대한항공,PEK(베이징),출발,,158737,0
117922,2018-05-13,대한항공,PEK(베이징),출발,,158737,0
117981,2018-05-14,대한항공,PEK(베이징),출발,,158737,0
118028,2018-05-14,대한항공,PEK(베이징),출발,,158737,0
118131,2018-05-15,대한항공,PEK(베이징),출발,,158737,0
118152,2018-05-16,대한항공,PEK(베이징),출발,,158737,0
118190,2018-05-16,대한항공,PEK(베이징),출발,,158737,0
118204,2018-05-16,대한항공,PEK(베이징),출발,,158737,0
118300,2018-05-17,대한항공,PEK(베이징),출발,,158737,0
118325,2018-05-18,대한항공,PEK(베이징),출발,,158737,0
118362,2018-05-18,대한항공,PEK(베이징),출발,,158737,0
118411,2018-05-18,대한항공,PEK(베이징),출발,,158737,0
118513,2018-05-19,대한항공,PEK(베이징),출발,,158737,0
118541,2018-05-20,대한항공,PEK(베이징),출발,,158737,0
118580,2018-05-20,대한항공,PEK(베이징),출발,,158737,0
118624,2018-05-20,대한항공,PEK(베이징),출발,,158737,0
118689,2018-05-21,대한항공,PEK(베이징),출발,,158737,0
118733,2018-05-21,대한항공,PEK(베이징),출발,,158737,0
118837,2018-05-22,대한항공,PEK(베이징),출발,,158737,0
118859,2018-05-23,대한항공,PEK(베이징),출발,,158737,0
118894,2018-05-23,대한항공,PEK(베이징),출발,,158737,0
118940,2018-05-23,대한항공,PEK(베이징),출발,,158737,0
119043,2018-05-24,대한항공,PEK(베이징),출발,,158737,0
119070,2018-05-25,대한항공,PEK(베이징),출발,,158737,0
119109,2018-05-25,대한항공,PEK(베이징),출발,,158737,0
119154,2018-05-25,대한항공,PEK(베이징),출발,,158737,0
119254,2018-05-26,대한항공,PEK(베이징),출발,,158737,0
119277,2018-05-27,대한항공,PEK(베이징),출발,,158737,0
119314,2018-05-27,대한항공,PEK(베이징),출발,,158737,0
119361,2018-05-27,대한항공,PEK(베이징),출발,,158737,0
119427,2018-05-28,대한항공,PEK(베이징),출발,,158737,0
119468,2018-05-28,대한항공,PEK(베이징),출발,,158737,0
119574,2018-05-29,대한항공,PEK(베이징),출발,,158737,0
119595,2018-05-30,대한항공,PEK(베이징),출발,,158737,0
119633,2018-05-30,대한항공,PEK(베이징),출발,,158737,0
119673,2018-05-30,대한항공,PEK(베이징),출발,,158737,0
119783,2018-05-31,대한항공,PEK(베이징),출발,,158737,0
120034,2018-11-01,대한항공,PEK(베이징),출발,,172461,0
120054,2018-11-01,대한항공,PEK(베이징),출발,,172461,0
120097,2018-11-02,대한항공,PEK(베이징),출발,,172461,0
120147,2018-11-02,대한항공,PEK(베이징),출발,,172461,0
120254,2018-11-03,대한항공,PEK(베이징),출발,,172461,0
120270,2018-11-03,대한항공,PEK(베이징),출발,,172461,0
120309,2018-11-04,대한항공,PEK(베이징),출발,,172461,0
120362,2018-11-04,대한항공,PEK(베이징),출발,,172461,0
120424,2018-11-05,대한항공,PEK(베이징),출발,,172461,0
120474,2018-11-05,대한항공,PEK(베이징),출발,,172461,0
120576,2018-11-06,대한항공,PEK(베이징),출발,,172461,0
120594,2018-11-06,대한항공,PEK(베이징),출발,,172461,0
120635,2018-11-07,대한항공,PEK(베이징),출발,,172461,0
120685,2018-11-07,대한항공,PEK(베이징),출발,,172461,0
120787,2018-11-08,대한항공,PEK(베이징),출발,,172461,0
120804,2018-11-08,대한항공,PEK(베이징),출발,,172461,0
120846,2018-11-09,대한항공,PEK(베이징),출발,,172461,0
120891,2018-11-09,대한항공,PEK(베이징),출발,,172461,0
120998,2018-11-10,대한항공,PEK(베이징),출발,,172461,0
121017,2018-11-10,대한항공,PEK(베이징),출발,,172461,0
121056,2018-11-11,대한항공,PEK(베이징),출발,,172461,0
121109,2018-11-11,대한항공,PEK(베이징),출발,,172461,0
121168,2018-11-12,대한항공,PEK(베이징),출발,,172461,0
121218,2018-11-12,대한항공,PEK(베이징),출발,,172461,0
121315,2018-11-13,대한항공,PEK(베이징),출발,,172461,0
121333,2018-11-13,대한항공,PEK(베이징),출발,,172461,0
121372,2018-11-14,대한항공,PEK(베이징),출발,,172461,0
121422,2018-11-14,대한항공,PEK(베이징),출발,,172461,0
121516,2018-11-15,대한항공,PEK(베이징),출발,,172461,0
121534,2018-11-15,대한항공,PEK(베이징),출발,,172461,0
121576,2018-11-16,대한항공,PEK(베이징),출발,,172461,0
121623,2018-11-16,대한항공,PEK(베이징),출발,,172461,0
121726,2018-11-17,대한항공,PEK(베이징),출발,,172461,0
121744,2018-11-17,대한항공,PEK(베이징),출발,,172461,0
121782,2018-11-18,대한항공,PEK(베이징),출발,,172461,0
121835,2018-11-18,대한항공,PEK(베이징),출발,,172461,0
121940,2018-11-19,대한항공,PEK(베이징),출발,,172461,0
122036,2018-11-20,대한항공,PEK(베이징),출발,,172461,0
122054,2018-11-21,대한항공,PEK(베이징),출발,,172461,0
122096,2018-11-21,대한항공,PEK(베이징),출발,,172461,0
122144,2018-11-21,대한항공,PEK(베이징),출발,,172461,0
122248,2018-11-22,대한항공,PEK(베이징),출발,,172461,0
122266,2018-11-22,대한항공,PEK(베이징),출발,,172461,0
122309,2018-11-23,대한항공,PEK(베이징),출발,,172461,0
122357,2018-11-23,대한항공,PEK(베이징),출발,,172461,0
122455,2018-11-24,대한항공,PEK(베이징),출발,,172461,0
122472,2018-11-24,대한항공,PEK(베이징),출발,,172461,0
122510,2018-11-25,대한항공,PEK(베이징),출발,,172461,0
122559,2018-11-25,대한항공,PEK(베이징),출발,,172461,0
122617,2018-11-26,대한항공,PEK(베이징),출발,,172461,0
122668,2018-11-26,대한항공,PEK(베이징),출발,,172461,0
122769,2018-11-27,대한항공,PEK(베이징),출발,,172461,0
122786,2018-11-27,대한항공,PEK(베이징),출발,,172461,0
122827,2018-11-28,대한항공,PEK(베이징),출발,,172461,0
122876,2018-11-28,대한항공,PEK(베이징),출발,,172461,0
122983,2018-11-29,대한항공,PEK(베이징),출발,,172461,0
123003,2018-11-30,대한항공,PEK(베이징),출발,,172461,0
123042,2018-11-30,대한항공,PEK(베이징),출발,,172461,0
123094,2018-11-30,대한항공,PEK(베이징),출발,,172461,0
123401,2018-07-01,대한항공,PEK(베이징),출발,,194016,0
123470,2018-07-01,대한항공,PEK(베이징),출발,,194016,0
123513,2018-07-02,대한항공,PEK(베이징),출발,,194016,0
123548,2018-07-02,대한항공,PEK(베이징),출발,,194016,0
123645,2018-07-03,대한항공,PEK(베이징),출발,,194016,0
123664,2018-07-04,대한항공,PEK(베이징),출발,,194016,0
123701,2018-07-04,대한항공,PEK(베이징),출발,,194016,0
123744,2018-07-04,대한항공,PEK(베이징),출발,,194016,0
123850,2018-07-05,대한항공,PEK(베이징),출발,,194016,0
123874,2018-07-06,대한항공,PEK(베이징),출발,,194016,0
123910,2018-07-06,대한항공,PEK(베이징),출발,,194016,0
123941,2018-07-06,대한항공,PEK(베이징),출발,,194016,0
124068,2018-07-08,대한항공,PEK(베이징),출발,,194016,0
124106,2018-07-08,대한항공,PEK(베이징),출발,,194016,0
124145,2018-07-08,대한항공,PEK(베이징),출발,,194016,0
124211,2018-07-09,대한항공,PEK(베이징),출발,,194016,0
124258,2018-07-09,대한항공,PEK(베이징),출발,,194016,0
124357,2018-07-10,대한항공,PEK(베이징),출발,,194016,0
124376,2018-07-11,대한항공,PEK(베이징),출발,,194016,0
124412,2018-07-11,대한항공,PEK(베이징),출발,,194016,0
124438,2018-07-11,대한항공,PEK(베이징),출발,,194016,0
124542,2018-07-12,대한항공,PEK(베이징),출발,,194016,0
124569,2018-07-12,대한항공,PEK(베이징),출발,,194016,0
124603,2018-07-13,대한항공,PEK(베이징),출발,,194016,0
124646,2018-07-13,대한항공,PEK(베이징),출발,,194016,0
124752,2018-07-14,대한항공,PEK(베이징),출발,,194016,0
124776,2018-07-15,대한항공,PEK(베이징),출발,,194016,0
124814,2018-07-15,대한항공,PEK(베이징),출발,,194016,0
124860,2018-07-15,대한항공,PEK(베이징),출발,,194016,0
125084,2018-07-18,대한항공,PEK(베이징),출발,,194016,0
125122,2018-07-18,대한항공,PEK(베이징),출발,,194016,0
125163,2018-07-18,대한항공,PEK(베이징),출발,,194016,0
125288,2018-07-20,대한항공,PEK(베이징),출발,,194016,0
125324,2018-07-20,대한항공,PEK(베이징),출발,,194016,0
125371,2018-07-20,대한항공,PEK(베이징),출발,,194016,0
125498,2018-07-22,대한항공,PEK(베이징),출발,,194016,0
125583,2018-07-22,대한항공,PEK(베이징),출발,,194016,0
125642,2018-07-23,대한항공,PEK(베이징),출발,,194016,0
125691,2018-07-23,대한항공,PEK(베이징),출발,,194016,0
125787,2018-07-24,대한항공,PEK(베이징),출발,,194016,0
125810,2018-07-25,대한항공,PEK(베이징),출발,,194016,0
125846,2018-07-25,대한항공,PEK(베이징),출발,,194016,0
125894,2018-07-25,대한항공,PEK(베이징),출발,,194016,0
125991,2018-07-26,대한항공,PEK(베이징),출발,,194016,0
126016,2018-07-27,대한항공,PEK(베이징),출발,,194016,0
126052,2018-07-27,대한항공,PEK(베이징),출발,,194016,0
126100,2018-07-27,대한항공,PEK(베이징),출발,,194016,0
126197,2018-07-28,대한항공,PEK(베이징),출발,,194016,0
126223,2018-07-29,대한항공,PEK(베이징),출발,,194016,0
126262,2018-07-29,대한항공,PEK(베이징),출발,,194016,0
126309,2018-07-29,대한항공,PEK(베이징),출발,,194016,0
126374,2018-07-30,대한항공,PEK(베이징),출발,,194016,0
126418,2018-07-30,대한항공,PEK(베이징),출발,,194016,0
126524,2018-07-31,대한항공,PEK(베이징),출발,,194016,0
127805,2018-12-01,대한항공,PEK(베이징),출발,,204476,0
127824,2018-12-01,대한항공,PEK(베이징),출발,,204476,0
127864,2018-12-02,대한항공,PEK(베이징),출발,,204476,0
127915,2018-12-02,대한항공,PEK(베이징),출발,,204476,0
127976,2018-12-03,대한항공,PEK(베이징),출발,,204476,0
128023,2018-12-03,대한항공,PEK(베이징),출발,,204476,0
128122,2018-12-04,대한항공,PEK(베이징),출발,,204476,0
128140,2018-12-04,대한항공,PEK(베이징),출발,,204476,0
128180,2018-12-05,대한항공,PEK(베이징),출발,,204476,0
128227,2018-12-05,대한항공,PEK(베이징),출발,,204476,0
128333,2018-12-06,대한항공,PEK(베이징),출발,,204476,0
128354,2018-12-06,대한항공,PEK(베이징),출발,,204476,0
128396,2018-12-07,대한항공,PEK(베이징),출발,,204476,0
128446,2018-12-07,대한항공,PEK(베이징),출발,,204476,0
128553,2018-12-08,대한항공,PEK(베이징),출발,,204476,0
128572,2018-12-08,대한항공,PEK(베이징),출발,,204476,0
128611,2018-12-09,대한항공,PEK(베이징),출발,,204476,0
128663,2018-12-09,대한항공,PEK(베이징),출발,,204476,0
128723,2018-12-10,대한항공,PEK(베이징),출발,,204476,0
128768,2018-12-10,대한항공,PEK(베이징),출발,,204476,0
128874,2018-12-11,대한항공,PEK(베이징),출발,,204476,0
128891,2018-12-11,대한항공,PEK(베이징),출발,,204476,0
128933,2018-12-12,대한항공,PEK(베이징),출발,,204476,0
128982,2018-12-12,대한항공,PEK(베이징),출발,,204476,0
129031,2018-12-13,대한항공,PEK(베이징),출발,,204476,0
129047,2018-12-13,대한항공,PEK(베이징),출발,,204476,0
129087,2018-12-14,대한항공,PEK(베이징),출발,,204476,0
129138,2018-12-14,대한항공,PEK(베이징),출발,,204476,0
129247,2018-12-15,대한항공,PEK(베이징),출발,,204476,0
129265,2018-12-16,대한항공,PEK(베이징),출발,,204476,0
129287,2018-12-16,대한항공,PEK(베이징),출발,,204476,0
129338,2018-12-16,대한항공,PEK(베이징),출발,,204476,0
129395,2018-12-17,대한항공,PEK(베이징),출발,,204476,0
129446,2018-12-17,대한항공,PEK(베이징),출발,,204476,0
129553,2018-12-18,대한항공,PEK(베이징),출발,,204476,0
129572,2018-12-18,대한항공,PEK(베이징),출발,,204476,0
129613,2018-12-19,대한항공,PEK(베이징),출발,,204476,0
129665,2018-12-19,대한항공,PEK(베이징),출발,,204476,0
129773,2018-12-20,대한항공,PEK(베이징),출발,,204476,0
129793,2018-12-20,대한항공,PEK(베이징),출발,,204476,0
129834,2018-12-21,대한항공,PEK(베이징),출발,,204476,0
129882,2018-12-21,대한항공,PEK(베이징),출발,,204476,0
129983,2018-12-22,대한항공,PEK(베이징),출발,,204476,0
130002,2018-12-23,대한항공,PEK(베이징),출발,,204476,0
130040,2018-12-23,대한항공,PEK(베이징),출발,,204476,0
130092,2018-12-23,대한항공,PEK(베이징),출발,,204476,0
130152,2018-12-24,대한항공,PEK(베이징),출발,,204476,0
130203,2018-12-24,대한항공,PEK(베이징),출발,,204476,0
130308,2018-12-25,대한항공,PEK(베이징),출발,,204476,0
130325,2018-12-25,대한항공,PEK(베이징),출발,,204476,0
130366,2018-12-26,대한항공,PEK(베이징),출발,,204476,0
130416,2018-12-26,대한항공,PEK(베이징),출발,,204476,0
130521,2018-12-27,대한항공,PEK(베이징),출발,,204476,0
130540,2018-12-27,대한항공,PEK(베이징),출발,,204476,0
130579,2018-12-28,대한항공,PEK(베이징),출발,,204476,0
130628,2018-12-28,대한항공,PEK(베이징),출발,,204476,0
130740,2018-12-29,대한항공,PEK(베이징),출발,,204476,0
130759,2018-12-29,대한항공,PEK(베이징),출발,,204476,0
130798,2018-12-30,대한항공,PEK(베이징),출발,,204476,0
130851,2018-12-30,대한항공,PEK(베이징),출발,,204476,0
130909,2018-12-31,대한항공,PEK(베이징),출발,,204476,0
130957,2018-12-31,대한항공,PEK(베이징),출발,,204476,0
131173,2018-06-01,대한항공,PEK(베이징),출발,,177879,0
131208,2018-06-01,대한항공,PEK(베이징),출발,,177879,0
131253,2018-06-01,대한항공,PEK(베이징),출발,,177879,0
131359,2018-06-02,대한항공,PEK(베이징),출발,,177879,0
131385,2018-06-03,대한항공,PEK(베이징),출발,,177879,0
131424,2018-06-03,대한항공,PEK(베이징),출발,,177879,0
131473,2018-06-03,대한항공,PEK(베이징),출발,,177879,0
131534,2018-06-04,대한항공,PEK(베이징),출발,,177879,0
131577,2018-06-04,대한항공,PEK(베이징),출발,,177879,0
131683,2018-06-05,대한항공,PEK(베이징),출발,,177879,0
131704,2018-06-06,대한항공,PEK(베이징),출발,,177879,0
131743,2018-06-06,대한항공,PEK(베이징),출발,,177879,0
131783,2018-06-06,대한항공,PEK(베이징),출발,,177879,0
131893,2018-06-07,대한항공,PEK(베이징),출발,,177879,0
131921,2018-06-08,대한항공,PEK(베이징),출발,,177879,0
131957,2018-06-08,대한항공,PEK(베이징),출발,,177879,0
132006,2018-06-08,대한항공,PEK(베이징),출발,,177879,0
132111,2018-06-09,대한항공,PEK(베이징),출발,,177879,0
132132,2018-06-10,대한항공,PEK(베이징),출발,,177879,0
132171,2018-06-10,대한항공,PEK(베이징),출발,,177879,0
132221,2018-06-10,대한항공,PEK(베이징),출발,,177879,0
132284,2018-06-11,대한항공,PEK(베이징),출발,,177879,0
132455,2018-06-13,대한항공,PEK(베이징),출발,,177879,0
132622,2018-06-14,대한항공,PEK(베이징),출발,,177879,0
132648,2018-06-15,대한항공,PEK(베이징),출발,,177879,0
132686,2018-06-15,대한항공,PEK(베이징),출발,,177879,0
132735,2018-06-15,대한항공,PEK(베이징),출발,,177879,0
132825,2018-06-16,대한항공,PEK(베이징),출발,,177879,0
132852,2018-06-17,대한항공,PEK(베이징),출발,,177879,0
132891,2018-06-17,대한항공,PEK(베이징),출발,,177879,0
132942,2018-06-17,대한항공,PEK(베이징),출발,,177879,0
133004,2018-06-18,대한항공,PEK(베이징),출발,,177879,0
133154,2018-06-19,대한항공,PEK(베이징),출발,,177879,0
133178,2018-06-20,대한항공,PEK(베이징),출발,,177879,0
133215,2018-06-20,대한항공,PEK(베이징),출발,,177879,0
133259,2018-06-20,대한항공,PEK(베이징),출발,,177879,0
133362,2018-06-21,대한항공,PEK(베이징),출발,,177879,0
133389,2018-06-22,대한항공,PEK(베이징),출발,,177879,0
133428,2018-06-22,대한항공,PEK(베이징),출발,,177879,0
133468,2018-06-22,대한항공,PEK(베이징),출발,,177879,0
133572,2018-06-23,대한항공,PEK(베이징),출발,,177879,0
133596,2018-06-24,대한항공,PEK(베이징),출발,,177879,0
133633,2018-06-24,대한항공,PEK(베이징),출발,,177879,0
133683,2018-06-24,대한항공,PEK(베이징),출발,,177879,0
133748,2018-06-25,대한항공,PEK(베이징),출발,,177879,0
133793,2018-06-25,대한항공,PEK(베이징),출발,,177879,0
133878,2018-06-26,대한항공,PEK(베이징),출발,,177879,0
133902,2018-06-27,대한항공,PEK(베이징),출발,,177879,0
133938,2018-06-27,대한항공,PEK(베이징),출발,,177879,0
133979,2018-06-27,대한항공,PEK(베이징),출발,,177879,0
134071,2018-06-28,대한항공,PEK(베이징),출발,,177879,0
134093,2018-06-29,대한항공,PEK(베이징),출발,,177879,0
134131,2018-06-29,대한항공,PEK(베이징),출발,,177879,0
134177,2018-06-29,대한항공,PEK(베이징),출발,,177879,0
